timeStamp,elapsed,label,responseCode,responseMessage,threadName,dataType,success,failureMessage,bytes,sentBytes,grpThreads,allThreads,URL,Latency,IdleTime,Connect
1737041680748,1552,Login,200,,Http URL/API Test 1-2,text,true,,1594,419,20,20,http://k8s-default-awsingre-a7e4fb380f-62692094.us-east-1.elb.amazonaws.com/api/auth/login,1552,0,349
1737041680895,1407,Login,200,,Http URL/API Test 1-5,text,true,,1594,419,20,20,http://k8s-default-awsingre-a7e4fb380f-62692094.us-east-1.elb.amazonaws.com/api/auth/login,1407,0,201
1737041682303,10,randomPageSize,200,OK,Http URL/API Test 1-5,text,true,,0,0,20,20,null,0,0,0
1737041682301,12,randomPageSize,200,OK,Http URL/API Test 1-2,text,true,,0,0,20,20,null,0,0,0
1737041681111,1503,Login,200,,Http URL/API Test 1-9,text,true,,1594,419,20,20,http://k8s-default-awsingre-a7e4fb380f-62692094.us-east-1.elb.amazonaws.com/api/auth/login,1503,0,199
1737041681447,1167,Login,200,,Http URL/API Test 1-16,text,true,,1594,419,20,20,http://k8s-default-awsingre-a7e4fb380f-62692094.us-east-1.elb.amazonaws.com/api/auth/login,1167,0,161
1737041680847,1767,Login,200,,Http URL/API Test 1-4,text,true,,1594,419,20,20,http://k8s-default-awsingre-a7e4fb380f-62692094.us-east-1.elb.amazonaws.com/api/auth/login,1767,0,254
1737041682615,0,randomPageSize,200,OK,Http URL/API Test 1-9,text,true,,0,0,20,20,null,0,0,0
1737041682615,0,randomPageSize,200,OK,Http URL/API Test 1-16,text,true,,0,0,20,20,null,0,0,0
1737041682615,0,randomPageSize,200,OK,Http URL/API Test 1-4,text,true,,0,0,20,20,null,0,0,0
1737041681053,1565,Login,200,,Http URL/API Test 1-8,text,true,,1594,419,20,20,http://k8s-default-awsingre-a7e4fb380f-62692094.us-east-1.elb.amazonaws.com/api/auth/login,1565,0,176
1737041682618,1,randomPageSize,200,OK,Http URL/API Test 1-8,text,true,,0,0,20,20,null,0,0,0
1737041681546,1166,Login,200,,Http URL/API Test 1-18,text,true,,1594,419,20,20,http://k8s-default-awsingre-a7e4fb380f-62692094.us-east-1.elb.amazonaws.com/api/auth/login,1166,0,171
1737041682712,1,randomPageSize,200,OK,Http URL/API Test 1-18,text,true,,0,0,20,20,null,0,0,0
1737041681198,1584,Login,200,,Http URL/API Test 1-11,text,true,,1594,419,20,20,http://k8s-default-awsingre-a7e4fb380f-62692094.us-east-1.elb.amazonaws.com/api/auth/login,1584,0,173
1737041682782,0,randomPageSize,200,OK,Http URL/API Test 1-11,text,true,,0,0,20,20,null,0,0,0
1737041681310,1481,Login,200,,Http URL/API Test 1-13,text,true,,1594,419,20,20,http://k8s-default-awsingre-a7e4fb380f-62692094.us-east-1.elb.amazonaws.com/api/auth/login,1481,0,196
1737041682791,1,randomPageSize,200,OK,Http URL/API Test 1-13,text,true,,0,0,20,20,null,0,0,0
1737041681646,1253,Login,200,,Http URL/API Test 1-20,text,true,,1594,419,20,20,http://k8s-default-awsingre-a7e4fb380f-62692094.us-east-1.elb.amazonaws.com/api/auth/login,1253,0,196
1737041682899,0,randomPageSize,200,OK,Http URL/API Test 1-20,text,true,,0,0,20,20,null,0,0,0
1737041682783,316,Get the List of Default config for the Departments,200,,Http URL/API Test 1-11,text,true,,398,1106,20,20,http://k8s-default-awsingre-a7e4fb380f-62692094.us-east-1.elb.amazonaws.com/api/ct/department/config/list?sortKey=enName,312,0,0
1737041682313,807,Search Rule,200,,Http URL/API Test 1-5,text,true,,20086,1094,20,20,http://k8s-default-awsingre-a7e4fb380f-62692094.us-east-1.elb.amazonaws.com/api/iot2/userrules?sortKey=createdTime&keyType=SERVER_ATTRIBUTE&sortDirection=DESC&pageNumber=5&pageSize=16,695,0,0
1737041682615,526,Get List of Cities,200,,Http URL/API Test 1-9,text,true,,7091,1102,20,20,http://k8s-default-awsingre-a7e4fb380f-62692094.us-east-1.elb.amazonaws.com/api/iot2/level/city?lang=en&pageNumber=4&pageSize=8&sortKey=createdTime&sortDirection=DESC&keyType=SERVER_ATTRIBUTE,526,0,0
1737041683099,343,Search Rule,200,,Http URL/API Test 1-11,text,true,,13897,1093,20,20,http://k8s-default-awsingre-a7e4fb380f-62692094.us-east-1.elb.amazonaws.com/api/iot2/userrules?sortKey=createdTime&keyType=SERVER_ATTRIBUTE&sortDirection=DESC&pageNumber=3&pageSize=8,245,0,0
1737041681497,4184,Login,200,,Http URL/API Test 1-17,text,true,,1594,419,20,20,http://k8s-default-awsingre-a7e4fb380f-62692094.us-east-1.elb.amazonaws.com/api/auth/login,4183,0,159
1737041685681,0,randomPageSize,200,OK,Http URL/API Test 1-17,text,true,,0,0,20,20,null,0,0,0
1737041681365,4318,Login,200,,Http URL/API Test 1-14,text,true,,1594,419,20,20,http://k8s-default-awsingre-a7e4fb380f-62692094.us-east-1.elb.amazonaws.com/api/auth/login,4318,0,163
1737041685683,1,randomPageSize,200,OK,Http URL/API Test 1-14,text,true,,0,0,20,20,null,0,0,0
1737041681595,4091,Login,200,,Http URL/API Test 1-19,text,true,,1594,419,20,20,http://k8s-default-awsingre-a7e4fb380f-62692094.us-east-1.elb.amazonaws.com/api/auth/login,4091,0,165
1737041680796,4890,Login,200,,Http URL/API Test 1-3,text,true,,1594,419,20,20,http://k8s-default-awsingre-a7e4fb380f-62692094.us-east-1.elb.amazonaws.com/api/auth/login,4890,0,299
1737041685686,1,randomPageSize,200,OK,Http URL/API Test 1-19,text,true,,0,0,20,20,null,0,0,0
1737041685686,1,randomPageSize,200,OK,Http URL/API Test 1-3,text,true,,0,0,20,20,null,0,0,0
1737041680698,4990,Login,200,,Http URL/API Test 1-1,text,true,,1594,419,20,20,http://k8s-default-awsingre-a7e4fb380f-62692094.us-east-1.elb.amazonaws.com/api/auth/login,4990,0,420
1737041681402,4286,Login,200,,Http URL/API Test 1-15,text,true,,1594,419,20,20,http://k8s-default-awsingre-a7e4fb380f-62692094.us-east-1.elb.amazonaws.com/api/auth/login,4286,0,189
1737041685688,0,randomPageSize,200,OK,Http URL/API Test 1-15,text,true,,0,0,20,20,null,0,0,0
1737041685688,0,randomPageSize,200,OK,Http URL/API Test 1-1,text,true,,0,0,20,20,null,0,0,0
1737041680947,4741,Login,200,,Http URL/API Test 1-6,text,true,,1594,419,20,20,http://k8s-default-awsingre-a7e4fb380f-62692094.us-east-1.elb.amazonaws.com/api/auth/login,4741,0,158
1737041681149,4539,Login,200,,Http URL/API Test 1-10,text,true,,1594,419,20,20,http://k8s-default-awsingre-a7e4fb380f-62692094.us-east-1.elb.amazonaws.com/api/auth/login,4539,0,193
1737041685688,1,randomPageSize,200,OK,Http URL/API Test 1-6,text,true,,0,0,20,20,null,0,0,0
1737041685688,1,randomPageSize,200,OK,Http URL/API Test 1-10,text,true,,0,0,20,20,null,0,0,0
1737041681252,4439,Login,200,,Http URL/API Test 1-12,text,true,,1594,419,20,20,http://k8s-default-awsingre-a7e4fb380f-62692094.us-east-1.elb.amazonaws.com/api/auth/login,4439,0,166
1737041685691,1,randomPageSize,200,OK,Http URL/API Test 1-12,text,true,,0,0,20,20,null,0,0,0
1737041681022,4672,Login,200,,Http URL/API Test 1-7,text,true,,1594,419,20,20,http://k8s-default-awsingre-a7e4fb380f-62692094.us-east-1.elb.amazonaws.com/api/auth/login,4672,0,171
1737041685694,0,randomPageSize,200,OK,Http URL/API Test 1-7,text,true,,0,0,20,20,null,0,0,0
1737041685681,508,Search Rule,200,,Http URL/API Test 1-17,text,true,,8382,1093,20,20,http://k8s-default-awsingre-a7e4fb380f-62692094.us-east-1.elb.amazonaws.com/api/iot2/userrules?sortKey=createdTime&keyType=SERVER_ATTRIBUTE&sortDirection=DESC&pageNumber=2&pageSize=8,508,0,0
1737041685689,533,Search Rule,200,,Http URL/API Test 1-15,text,true,,20086,1094,20,20,http://k8s-default-awsingre-a7e4fb380f-62692094.us-east-1.elb.amazonaws.com/api/iot2/userrules?sortKey=createdTime&keyType=SERVER_ATTRIBUTE&sortDirection=DESC&pageNumber=5&pageSize=16,502,0,0
1737041685687,599,Search Rule,200,,Http URL/API Test 1-19,text,true,,9122,1093,20,20,http://k8s-default-awsingre-a7e4fb380f-62692094.us-east-1.elb.amazonaws.com/api/iot2/userrules?sortKey=createdTime&keyType=SERVER_ATTRIBUTE&sortDirection=DESC&pageNumber=4&pageSize=8,599,0,0
1737041683142,3162,Get the List of Alerts,200,,Http URL/API Test 1-9,text,true,,457,1332,20,20,http://k8s-default-awsingre-a7e4fb380f-62692094.us-east-1.elb.amazonaws.com/api/ct/alerts?lang=en&pageNumber=5&pageSize=8&sortKey=createdTime&sortDirection=DESC&timeZone=Asia%2FRiyadh,3162,0,0
1737041685692,625,Get List of Devices,200,,Http URL/API Test 1-12,text,true,,457,1276,20,20,http://k8s-default-awsingre-a7e4fb380f-62692094.us-east-1.elb.amazonaws.com/api/ct/devices?pageNumber=2&pageSize=16&sortKey=createdTime&sortDirection=DESC,625,0,0
1737041685695,637,Get List of Devices,200,,Http URL/API Test 1-7,text,true,,457,1276,20,20,http://k8s-default-awsingre-a7e4fb380f-62692094.us-east-1.elb.amazonaws.com/api/ct/devices?pageNumber=1&pageSize=16&sortKey=createdTime&sortDirection=DESC,637,0,0
1737041685689,701,Search Rule,200,,Http URL/API Test 1-6,text,true,,24979,1094,20,20,http://k8s-default-awsingre-a7e4fb380f-62692094.us-east-1.elb.amazonaws.com/api/iot2/userrules?sortKey=createdTime&keyType=SERVER_ATTRIBUTE&sortDirection=DESC&pageNumber=4&pageSize=16,602,0,0
1737041685687,879,Search Users,200,,Http URL/API Test 1-3,text,true,,12260,1089,20,20,http://k8s-default-awsingre-a7e4fb380f-62692094.us-east-1.elb.amazonaws.com/api/iot2/users?pageNumber=2&pageSize=8&sortKey=createdTime&keyType=SERVER_ATTRIBUTE&sortDirection=DESC,878,0,0
1737041682900,3754,Get List of Department,200,,Http URL/API Test 1-20,text,true,,10764,1108,20,20,http://k8s-default-awsingre-a7e4fb380f-62692094.us-east-1.elb.amazonaws.com/api/iot2/level/department?lang=en&pageNumber=3&pageSize=8&sortKey=createdTime&sortDirection=DESC&keyType=SERVER_ATTRIBUTE,3753,0,0
1737041686190,546,Search Users,200,,Http URL/API Test 1-17,text,true,,12202,1089,20,20,http://k8s-default-awsingre-a7e4fb380f-62692094.us-east-1.elb.amazonaws.com/api/iot2/users?pageNumber=3&pageSize=8&sortKey=createdTime&keyType=SERVER_ATTRIBUTE&sortDirection=DESC,545,0,0
1737041685684,1183,Search Users,200,,Http URL/API Test 1-14,text,true,,24173,1090,20,20,http://k8s-default-awsingre-a7e4fb380f-62692094.us-east-1.elb.amazonaws.com/api/iot2/users?pageNumber=5&pageSize=16&sortKey=createdTime&keyType=SERVER_ATTRIBUTE&sortDirection=DESC,1079,0,0
1737041686567,504,Search Rule,200,,Http URL/API Test 1-3,text,true,,8382,1093,20,20,http://k8s-default-awsingre-a7e4fb380f-62692094.us-east-1.elb.amazonaws.com/api/iot2/userrules?sortKey=createdTime&keyType=SERVER_ATTRIBUTE&sortDirection=DESC&pageNumber=2&pageSize=8,503,0,0
1737041686737,359,Get List of Devices,200,,Http URL/API Test 1-17,text,true,,457,1275,20,20,http://k8s-default-awsingre-a7e4fb380f-62692094.us-east-1.elb.amazonaws.com/api/ct/devices?pageNumber=1&pageSize=8&sortKey=createdTime&sortDirection=DESC,359,0,0
1737041686333,965,Get the List of Alerts,200,,Http URL/API Test 1-7,text,true,,13673,1333,20,20,http://k8s-default-awsingre-a7e4fb380f-62692094.us-east-1.elb.amazonaws.com/api/ct/alerts?lang=en&pageNumber=2&pageSize=16&sortKey=createdTime&sortDirection=DESC&timeZone=Asia%2FRiyadh,852,0,0
1737041686305,1076,Get list of Tasks,200,,Http URL/API Test 1-9,text,true,,3171,1147,20,20,http://k8s-default-awsingre-a7e4fb380f-62692094.us-east-1.elb.amazonaws.com/api/ct/tasks?pageNumber=4&pageSize=8,1076,0,0
1737041687096,401,Get the List of Default config for the Departments,200,,Http URL/API Test 1-17,text,true,,988,1106,20,20,http://k8s-default-awsingre-a7e4fb380f-62692094.us-east-1.elb.amazonaws.com/api/ct/department/config/list?sortKey=enName,401,0,0
1737041685689,2142,Get List of Devices,200,,Http URL/API Test 1-1,text,true,,4920,1275,20,20,http://k8s-default-awsingre-a7e4fb380f-62692094.us-east-1.elb.amazonaws.com/api/ct/devices?pageNumber=1&pageSize=8&sortKey=createdTime&sortDirection=DESC,2142,0,0
1737041687509,460,Get List of Zones,200,,Http URL/API Test 1-17,text,true,,11537,1154,20,20,http://k8s-default-awsingre-a7e4fb380f-62692094.us-east-1.elb.amazonaws.com/api/ct/zones?sortKey=status&sortDirection=ASC,460,0,0
1737041686654,1450,Get List of Zones,200,,Http URL/API Test 1-20,text,true,,197420,1116,20,20,http://k8s-default-awsingre-a7e4fb380f-62692094.us-east-1.elb.amazonaws.com/api/ct/zones?sortKey=status&sortDirection=ASC,1175,0,0
1737041686287,1874,Get List of Alert Profiles,200,,Http URL/API Test 1-19,text,true,,457,1192,20,20,http://k8s-default-awsingre-a7e4fb380f-62692094.us-east-1.elb.amazonaws.com/api/ct/alertprofiles?pageNumber=1&pageSize=8&sortKey=createdTime&sortDirection=ASC,1874,0,0
1737041687298,922,Get List of Regions,200,,Http URL/API Test 1-7,text,true,,6626,1105,20,20,http://k8s-default-awsingre-a7e4fb380f-62692094.us-east-1.elb.amazonaws.com/api/iot2/level/region?lang=en&pageNumber=3&pageSize=16&sortKey=createdTime&sortDirection=DESC&keyType=SERVER_ATTRIBUTE,922,0,0
1737041687382,841,Search Users,200,,Http URL/API Test 1-9,text,true,,21541,1089,20,20,http://k8s-default-awsingre-a7e4fb380f-62692094.us-east-1.elb.amazonaws.com/api/iot2/users?pageNumber=4&pageSize=8&sortKey=createdTime&keyType=SERVER_ATTRIBUTE&sortDirection=DESC,739,0,0
1737041687831,533,Search Rule,200,,Http URL/API Test 1-1,text,true,,18432,1093,20,20,http://k8s-default-awsingre-a7e4fb380f-62692094.us-east-1.elb.amazonaws.com/api/iot2/userrules?sortKey=createdTime&keyType=SERVER_ATTRIBUTE&sortDirection=DESC&pageNumber=1&pageSize=8,414,0,0
1737041682624,5927,Get the List of Alerts For Map,200,,Http URL/API Test 1-16,text,true,,457,1364,20,20,http://k8s-default-awsingre-a7e4fb380f-62692094.us-east-1.elb.amazonaws.com/api/ct/alerts?lang=en&pageNumber=3&pageSize=16&sortKey=createdTime&sortDirection=DESC,5927,0,0
1737041688163,392,Get List of Devices,200,,Http URL/API Test 1-19,text,true,,457,1275,20,20,http://k8s-default-awsingre-a7e4fb380f-62692094.us-east-1.elb.amazonaws.com/api/ct/devices?pageNumber=1&pageSize=8&sortKey=createdTime&sortDirection=DESC,392,0,0
1737041688365,239,Get the List of Default config for the Departments,200,,Http URL/API Test 1-1,text,true,,398,1106,20,20,http://k8s-default-awsingre-a7e4fb380f-62692094.us-east-1.elb.amazonaws.com/api/ct/department/config/list?sortKey=enName,239,0,0
1737041687970,649,Get the List of Alerts For Map,200,,Http URL/API Test 1-17,text,true,,457,1363,20,20,http://k8s-default-awsingre-a7e4fb380f-62692094.us-east-1.elb.amazonaws.com/api/ct/alerts?lang=en&pageNumber=3&pageSize=8&sortKey=createdTime&sortDirection=DESC,649,0,0
1737041686868,2085,Get List of Department,200,,Http URL/API Test 1-14,text,true,,21292,1109,20,20,http://k8s-default-awsingre-a7e4fb380f-62692094.us-east-1.elb.amazonaws.com/api/iot2/level/department?lang=en&pageNumber=3&pageSize=16&sortKey=createdTime&sortDirection=DESC&keyType=SERVER_ATTRIBUTE,2085,0,0
1737041688551,642,Search Rule,200,,Http URL/API Test 1-16,text,true,,21835,1094,20,20,http://k8s-default-awsingre-a7e4fb380f-62692094.us-east-1.elb.amazonaws.com/api/iot2/userrules?sortKey=createdTime&keyType=SERVER_ATTRIBUTE&sortDirection=DESC&pageNumber=1&pageSize=16,531,0,0
1737041688221,1348,Get List of Alert Profiles,200,,Http URL/API Test 1-7,text,true,,458,1193,20,20,http://k8s-default-awsingre-a7e4fb380f-62692094.us-east-1.elb.amazonaws.com/api/ct/alertprofiles?pageNumber=5&pageSize=16&sortKey=createdTime&sortDirection=ASC,1348,0,0
1737041688104,1509,Get List of Cities,200,,Http URL/API Test 1-20,text,true,,6926,1102,20,20,http://k8s-default-awsingre-a7e4fb380f-62692094.us-east-1.elb.amazonaws.com/api/iot2/level/city?lang=en&pageNumber=5&pageSize=8&sortKey=createdTime&sortDirection=DESC&keyType=SERVER_ATTRIBUTE,1509,0,0
1737041688620,1065,Get the List of Alerts,200,,Http URL/API Test 1-17,text,true,,6938,1332,20,20,http://k8s-default-awsingre-a7e4fb380f-62692094.us-east-1.elb.amazonaws.com/api/ct/alerts?lang=en&pageNumber=3&pageSize=8&sortKey=createdTime&sortDirection=DESC&timeZone=Asia%2FRiyadh,1065,0,0
1737041689613,302,Get the List of Default config for the Departments,200,,Http URL/API Test 1-20,text,true,,5403,1067,20,20,http://k8s-default-awsingre-a7e4fb380f-62692094.us-east-1.elb.amazonaws.com/api/ct/department/config/list?sortKey=enName,302,0,0
1737041688555,1488,Get List of Cities,200,,Http URL/API Test 1-19,text,true,,7091,1102,20,20,http://k8s-default-awsingre-a7e4fb380f-62692094.us-east-1.elb.amazonaws.com/api/iot2/level/city?lang=en&pageNumber=4&pageSize=8&sortKey=createdTime&sortDirection=DESC&keyType=SERVER_ATTRIBUTE,1488,0,0
1737041689193,954,Search Users,200,,Http URL/API Test 1-16,text,true,,18190,1090,20,20,http://k8s-default-awsingre-a7e4fb380f-62692094.us-east-1.elb.amazonaws.com/api/iot2/users?pageNumber=3&pageSize=16&sortKey=createdTime&keyType=SERVER_ATTRIBUTE&sortDirection=DESC,952,0,0
1737041690044,470,Get List of Containers,200,,Http URL/API Test 1-19,text,true,,457,1334,20,20,http://k8s-default-awsingre-a7e4fb380f-62692094.us-east-1.elb.amazonaws.com/api/ct/containers?pageNumber=4&pageSize=8&sortKey=createdTime&sortDirection=DESC,470,0,0
1737041690514,659,Get the List of Alerts For Map,200,,Http URL/API Test 1-19,text,true,,457,1363,20,20,http://k8s-default-awsingre-a7e4fb380f-62692094.us-east-1.elb.amazonaws.com/api/ct/alerts?lang=en&pageNumber=1&pageSize=8&sortKey=createdTime&sortDirection=DESC,659,0,0
1737041689686,1828,Get List of Alert Profiles,200,,Http URL/API Test 1-17,text,true,,458,1192,20,20,http://k8s-default-awsingre-a7e4fb380f-62692094.us-east-1.elb.amazonaws.com/api/ct/alertprofiles?pageNumber=2&pageSize=8&sortKey=createdTime&sortDirection=ASC,1828,0,0
1737041691173,378,Get the List of Default config for the Departments,200,,Http URL/API Test 1-19,text,true,,921,1106,20,20,http://k8s-default-awsingre-a7e4fb380f-62692094.us-east-1.elb.amazonaws.com/api/ct/department/config/list?sortKey=enName,378,0,0
1737041691551,1705,Get List of Department,200,,Http URL/API Test 1-19,text,true,,10700,1108,20,20,http://k8s-default-awsingre-a7e4fb380f-62692094.us-east-1.elb.amazonaws.com/api/iot2/level/department?lang=en&pageNumber=5&pageSize=8&sortKey=createdTime&sortDirection=DESC&keyType=SERVER_ATTRIBUTE,1705,0,0
1737041693257,919,Get List of Regions,200,,Http URL/API Test 1-19,text,true,,3546,1104,20,20,http://k8s-default-awsingre-a7e4fb380f-62692094.us-east-1.elb.amazonaws.com/api/iot2/level/region?lang=en&pageNumber=2&pageSize=8&sortKey=createdTime&sortDirection=DESC&keyType=SERVER_ATTRIBUTE,919,0,0
1737041682615,11624,Search Zones for List For Map,200,,Http URL/API Test 1-4,text,true,,5337,1100,20,20,http://k8s-default-awsingre-a7e4fb380f-62692094.us-east-1.elb.amazonaws.com/api/ct/zones/map/list?pageSize=16&pageNumber=5&&sortKey=occupied&sortDirection=DESC,11624,0,0
1737041694240,1188,Get list of Tasks,200,,Http URL/API Test 1-4,text,true,,6652,1148,20,20,http://k8s-default-awsingre-a7e4fb380f-62692094.us-east-1.elb.amazonaws.com/api/ct/tasks?pageNumber=2&pageSize=16,1188,0,0
1737041695429,898,Get List of Regions,200,,Http URL/API Test 1-4,text,true,,6688,1105,20,20,http://k8s-default-awsingre-a7e4fb380f-62692094.us-east-1.elb.amazonaws.com/api/iot2/level/region?lang=en&pageNumber=1&pageSize=16&sortKey=createdTime&sortDirection=DESC&keyType=SERVER_ATTRIBUTE,898,0,0
1737041696327,1335,Search Users,200,,Http URL/API Test 1-4,text,true,,31215,1090,20,20,http://k8s-default-awsingre-a7e4fb380f-62692094.us-east-1.elb.amazonaws.com/api/iot2/users?pageNumber=2&pageSize=16&sortKey=createdTime&keyType=SERVER_ATTRIBUTE&sortDirection=DESC,1229,0,0
1737041697662,2147,Get List of Department,200,,Http URL/API Test 1-4,text,true,,20591,1109,20,20,http://k8s-default-awsingre-a7e4fb380f-62692094.us-east-1.elb.amazonaws.com/api/iot2/level/department?lang=en&pageNumber=5&pageSize=16&sortKey=createdTime&sortDirection=DESC&keyType=SERVER_ATTRIBUTE,2146,0,0
1737041683442,16775,Search Zones for List For Map,200,,Http URL/API Test 1-11,text,true,,2950,1099,20,20,http://k8s-default-awsingre-a7e4fb380f-62692094.us-east-1.elb.amazonaws.com/api/ct/zones/map/list?pageSize=8&pageNumber=2&&sortKey=occupied&sortDirection=DESC,16775,0,0
1737041699810,407,Get the List of Default config for the Departments,200,,Http URL/API Test 1-4,text,true,,921,1106,20,20,http://k8s-default-awsingre-a7e4fb380f-62692094.us-east-1.elb.amazonaws.com/api/ct/department/config/list?sortKey=enName,407,0,0
1737041700218,513,Get List of Zones,200,,Http URL/API Test 1-11,text,true,,398,1154,20,20,http://k8s-default-awsingre-a7e4fb380f-62692094.us-east-1.elb.amazonaws.com/api/ct/zones?sortKey=status&sortDirection=ASC,513,0,0
1737041700218,890,Get List of Cities,200,,Http URL/API Test 1-4,text,true,,458,1103,20,20,http://k8s-default-awsingre-a7e4fb380f-62692094.us-east-1.elb.amazonaws.com/api/iot2/level/city?lang=en&pageNumber=5&pageSize=16&sortKey=createdTime&sortDirection=DESC&keyType=SERVER_ATTRIBUTE,890,0,0
1737041701108,557,Get List of Zones,200,,Http URL/API Test 1-4,text,true,,1969,1154,20,20,http://k8s-default-awsingre-a7e4fb380f-62692094.us-east-1.elb.amazonaws.com/api/ct/zones?sortKey=status&sortDirection=ASC,557,0,0
1737041701665,1932,Get List of Alert Profiles,200,,Http URL/API Test 1-4,text,true,,457,1193,20,20,http://k8s-default-awsingre-a7e4fb380f-62692094.us-east-1.elb.amazonaws.com/api/ct/alertprofiles?pageNumber=4&pageSize=16&sortKey=createdTime&sortDirection=ASC,1931,0,0
1737041700732,3084,Get the List of Alerts,200,,Http URL/API Test 1-11,text,true,,457,1332,20,20,http://k8s-default-awsingre-a7e4fb380f-62692094.us-east-1.elb.amazonaws.com/api/ct/alerts?lang=en&pageNumber=5&pageSize=8&sortKey=createdTime&sortDirection=DESC&timeZone=Asia%2FRiyadh,3084,0,0
1737041703817,2032,Get List of Containers,200,,Http URL/API Test 1-11,text,true,,3569,1334,20,20,http://k8s-default-awsingre-a7e4fb380f-62692094.us-east-1.elb.amazonaws.com/api/ct/containers?pageNumber=2&pageSize=8&sortKey=createdTime&sortDirection=DESC,2032,0,0
1737041687072,18948,Get List of Devices,200,,Http URL/API Test 1-3,text,true,,4879,1275,20,20,http://k8s-default-awsingre-a7e4fb380f-62692094.us-east-1.elb.amazonaws.com/api/ct/devices?pageNumber=5&pageSize=8&sortKey=createdTime&sortDirection=DESC,18948,0,0
1737041682792,23413,Get List of Containers,200,,Http URL/API Test 1-13,text,true,,3475,1334,20,20,http://k8s-default-awsingre-a7e4fb380f-62692094.us-east-1.elb.amazonaws.com/api/ct/containers?pageNumber=3&pageSize=8&sortKey=createdTime&sortDirection=DESC,23413,0,0
1737041706206,408,Get the List of Default config for the Departments,200,,Http URL/API Test 1-13,text,true,,954,1106,20,20,http://k8s-default-awsingre-a7e4fb380f-62692094.us-east-1.elb.amazonaws.com/api/ct/department/config/list?sortKey=enName,408,0,0
1737041705849,896,Search Users,200,,Http URL/API Test 1-11,text,true,,21533,1089,20,20,http://k8s-default-awsingre-a7e4fb380f-62692094.us-east-1.elb.amazonaws.com/api/iot2/users?pageNumber=4&pageSize=8&sortKey=createdTime&keyType=SERVER_ATTRIBUTE&sortDirection=DESC,896,0,0
1737041706021,820,Get list of Tasks,200,,Http URL/API Test 1-3,text,true,,3010,1147,20,20,http://k8s-default-awsingre-a7e4fb380f-62692094.us-east-1.elb.amazonaws.com/api/ct/tasks?pageNumber=2&pageSize=8,820,0,0
1737041706746,2068,Get List of Alert Profiles,200,,Http URL/API Test 1-11,text,true,,457,1192,20,20,http://k8s-default-awsingre-a7e4fb380f-62692094.us-east-1.elb.amazonaws.com/api/ct/alertprofiles?pageNumber=1&pageSize=8&sortKey=createdTime&sortDirection=ASC,2068,0,0
1737041708814,608,Get List of Regions,200,,Http URL/API Test 1-11,text,true,,3546,1104,20,20,http://k8s-default-awsingre-a7e4fb380f-62692094.us-east-1.elb.amazonaws.com/api/iot2/level/region?lang=en&pageNumber=2&pageSize=8&sortKey=createdTime&sortDirection=DESC&keyType=SERVER_ATTRIBUTE,608,0,0
1737041689916,20353,Get List of Devices,200,,Http URL/API Test 1-20,text,true,,4926,1237,20,20,http://k8s-default-awsingre-a7e4fb380f-62692094.us-east-1.elb.amazonaws.com/api/ct/devices?pageNumber=3&pageSize=8&sortKey=createdTime&sortDirection=DESC,20353,0,0
1737041688953,27246,Search Zones for List For Map,200,,Http URL/API Test 1-14,text,true,,5374,1100,20,20,http://k8s-default-awsingre-a7e4fb380f-62692094.us-east-1.elb.amazonaws.com/api/ct/zones/map/list?pageSize=16&pageNumber=3&&sortKey=occupied&sortDirection=DESC,27246,0,0
1737041685689,31045,Get the List of Alerts,200,,Http URL/API Test 1-10,text,true,,13491,1295,20,20,http://k8s-default-awsingre-a7e4fb380f-62692094.us-east-1.elb.amazonaws.com/api/ct/alerts?lang=en&pageNumber=2&pageSize=16&sortKey=createdTime&sortDirection=DESC&timeZone=Asia%2FRiyadh,31045,0,0
1737041716734,628,Search Rule,200,,Http URL/API Test 1-10,text,true,,25960,1094,20,20,http://k8s-default-awsingre-a7e4fb380f-62692094.us-east-1.elb.amazonaws.com/api/iot2/userrules?sortKey=createdTime&keyType=SERVER_ATTRIBUTE&sortDirection=DESC&pageNumber=3&pageSize=16,523,0,0
1737041716200,2005,Get List of Alert Profiles,200,,Http URL/API Test 1-14,text,true,,457,1193,20,20,http://k8s-default-awsingre-a7e4fb380f-62692094.us-east-1.elb.amazonaws.com/api/ct/alertprofiles?pageNumber=4&pageSize=16&sortKey=createdTime&sortDirection=ASC,2005,0,0
1737041682321,36225,Search Containers for List For Map,200,,Http URL/API Test 1-2,text,true,,2894,1101,20,20,http://k8s-default-awsingre-a7e4fb380f-62692094.us-east-1.elb.amazonaws.com/api/ct/containers/map/list?pageSize=8&pageNumber=4&sortKey=messageTime&sortDirection=DESC,36225,0,0
1737041718547,553,Get List of Regions,200,,Http URL/API Test 1-2,text,true,,3586,1104,20,20,http://k8s-default-awsingre-a7e4fb380f-62692094.us-east-1.elb.amazonaws.com/api/iot2/level/region?lang=en&pageNumber=4&pageSize=8&sortKey=createdTime&sortDirection=DESC&keyType=SERVER_ATTRIBUTE,553,0,0
1737041718205,1160,Get list of Tasks,200,,Http URL/API Test 1-14,text,true,,6254,1148,20,20,http://k8s-default-awsingre-a7e4fb380f-62692094.us-east-1.elb.amazonaws.com/api/ct/tasks?pageNumber=4&pageSize=16,1160,0,0
1737041719101,476,Search Rule,200,,Http URL/API Test 1-2,text,true,,8382,1093,20,20,http://k8s-default-awsingre-a7e4fb380f-62692094.us-east-1.elb.amazonaws.com/api/iot2/userrules?sortKey=createdTime&keyType=SERVER_ATTRIBUTE&sortDirection=DESC&pageNumber=2&pageSize=8,476,0,0
1737041719366,718,Get List of Regions,200,,Http URL/API Test 1-14,text,true,,6688,1105,20,20,http://k8s-default-awsingre-a7e4fb380f-62692094.us-east-1.elb.amazonaws.com/api/iot2/level/region?lang=en&pageNumber=1&pageSize=16&sortKey=createdTime&sortDirection=DESC&keyType=SERVER_ATTRIBUTE,718,0,0
1737041683120,37782,Search Containers for List For Map,200,,Http URL/API Test 1-5,text,true,,6084,1102,20,20,http://k8s-default-awsingre-a7e4fb380f-62692094.us-east-1.elb.amazonaws.com/api/ct/containers/map/list?pageSize=16&pageNumber=2&sortKey=messageTime&sortDirection=DESC,37782,0,0
1737041689570,31389,Search Containers for List For Map,200,,Http URL/API Test 1-7,text,true,,509,1102,20,20,http://k8s-default-awsingre-a7e4fb380f-62692094.us-east-1.elb.amazonaws.com/api/ct/containers/map/list?pageSize=16&pageNumber=3&sortKey=messageTime&sortDirection=DESC,31389,0,0
1737041688604,32751,Search Containers for List For Map,200,,Http URL/API Test 1-1,text,true,,3328,1101,20,20,http://k8s-default-awsingre-a7e4fb380f-62692094.us-east-1.elb.amazonaws.com/api/ct/containers/map/list?pageSize=8&pageNumber=1&sortKey=messageTime&sortDirection=DESC,32751,0,0
1737041720903,1276,Get List of Zones,200,,Http URL/API Test 1-5,text,true,,197444,1116,20,20,http://k8s-default-awsingre-a7e4fb380f-62692094.us-east-1.elb.amazonaws.com/api/ct/zones?sortKey=status&sortDirection=ASC,1053,0,0
1737041690147,32282,Search Devices for List For Map,200,,Http URL/API Test 1-16,text,true,,5332,1100,20,20,http://k8s-default-awsingre-a7e4fb380f-62692094.us-east-1.elb.amazonaws.com/api/ct/devices/map/list?pageSize=16&pageNumber=3&sortKey=status&sortDirection=DESC,32282,0,0
1737041686318,36111,Search Devices for List For Map,200,,Http URL/API Test 1-12,text,true,,5378,1100,20,20,http://k8s-default-awsingre-a7e4fb380f-62692094.us-east-1.elb.amazonaws.com/api/ct/devices/map/list?pageSize=16&pageNumber=5&sortKey=status&sortDirection=DESC,36111,0,0
1737041686391,36077,Search Devices for List For Map,200,,Http URL/API Test 1-6,text,true,,5340,1100,20,20,http://k8s-default-awsingre-a7e4fb380f-62692094.us-east-1.elb.amazonaws.com/api/ct/devices/map/list?pageSize=16&pageNumber=2&sortKey=status&sortDirection=DESC,36077,0,0
1737041722180,367,Get the List of Default config for the Departments,200,,Http URL/API Test 1-5,text,true,,5403,1067,20,20,http://k8s-default-awsingre-a7e4fb380f-62692094.us-east-1.elb.amazonaws.com/api/ct/department/config/list?sortKey=enName,367,0,0
1737041691515,31031,Search Devices for List For Map,200,,Http URL/API Test 1-17,text,true,,2913,1099,20,20,http://k8s-default-awsingre-a7e4fb380f-62692094.us-east-1.elb.amazonaws.com/api/ct/devices/map/list?pageSize=8&pageNumber=3&sortKey=status&sortDirection=DESC,31031,0,0
1737041688224,34374,Search Devices for List For Map,200,,Http URL/API Test 1-9,text,true,,2915,1099,20,20,http://k8s-default-awsingre-a7e4fb380f-62692094.us-east-1.elb.amazonaws.com/api/ct/devices/map/list?pageSize=8&pageNumber=3&sortKey=status&sortDirection=DESC,34374,0,0
1737041706615,16112,Get List of Devices,200,,Http URL/API Test 1-13,text,true,,4879,1275,20,20,http://k8s-default-awsingre-a7e4fb380f-62692094.us-east-1.elb.amazonaws.com/api/ct/devices?pageNumber=5&pageSize=8&sortKey=createdTime&sortDirection=DESC,16112,0,0
1737041721357,1550,Get List of Alert Profiles,200,,Http URL/API Test 1-1,text,true,,457,1192,20,20,http://k8s-default-awsingre-a7e4fb380f-62692094.us-east-1.elb.amazonaws.com/api/ct/alertprofiles?pageNumber=1&pageSize=8&sortKey=createdTime&sortDirection=ASC,1550,0,0
1737041720961,2178,Get List of Department,200,,Http URL/API Test 1-7,text,true,,20583,1109,20,20,http://k8s-default-awsingre-a7e4fb380f-62692094.us-east-1.elb.amazonaws.com/api/iot2/level/department?lang=en&pageNumber=5&pageSize=16&sortKey=createdTime&sortDirection=DESC&keyType=SERVER_ATTRIBUTE,2177,0,0
1737041722600,540,Get the List of Alerts For Map,200,,Http URL/API Test 1-9,text,true,,457,1363,20,20,http://k8s-default-awsingre-a7e4fb380f-62692094.us-east-1.elb.amazonaws.com/api/ct/alerts?lang=en&pageNumber=2&pageSize=8&sortKey=createdTime&sortDirection=DESC,540,0,0
1737041722431,1134,Get list of Tasks,200,,Http URL/API Test 1-16,text,true,,6652,1148,20,20,http://k8s-default-awsingre-a7e4fb380f-62692094.us-east-1.elb.amazonaws.com/api/ct/tasks?pageNumber=2&pageSize=16,1134,0,0
1737041722547,1018,Get list of Tasks,200,,Http URL/API Test 1-17,text,true,,3010,1147,20,20,http://k8s-default-awsingre-a7e4fb380f-62692094.us-east-1.elb.amazonaws.com/api/ct/tasks?pageNumber=2&pageSize=8,1018,0,0
1737041686223,37403,Get the List of Alerts For Map,200,,Http URL/API Test 1-15,text,true,,457,1326,20,20,http://k8s-default-awsingre-a7e4fb380f-62692094.us-east-1.elb.amazonaws.com/api/ct/alerts?lang=en&pageNumber=4&pageSize=16&sortKey=createdTime&sortDirection=DESC,37403,0,0
1737041722470,1294,Get List of Alert Profiles,200,,Http URL/API Test 1-6,text,true,,457,1193,20,20,http://k8s-default-awsingre-a7e4fb380f-62692094.us-east-1.elb.amazonaws.com/api/ct/alertprofiles?pageNumber=1&pageSize=16&sortKey=createdTime&sortDirection=ASC,1294,0,0
1737041694177,29685,Search Containers for List For Map,200,,Http URL/API Test 1-19,text,true,,3340,1101,20,20,http://k8s-default-awsingre-a7e4fb380f-62692094.us-east-1.elb.amazonaws.com/api/ct/containers/map/list?pageSize=8&pageNumber=2&sortKey=messageTime&sortDirection=DESC,29685,0,0
1737041722431,1472,Get the List of Alerts,200,,Http URL/API Test 1-12,text,true,,13673,1333,20,20,http://k8s-default-awsingre-a7e4fb380f-62692094.us-east-1.elb.amazonaws.com/api/ct/alerts?lang=en&pageNumber=2&pageSize=16&sortKey=createdTime&sortDirection=DESC&timeZone=Asia%2FRiyadh,1362,0,0
1737041723765,325,Get List of Zones,200,,Http URL/API Test 1-6,text,true,,398,1154,20,20,http://k8s-default-awsingre-a7e4fb380f-62692094.us-east-1.elb.amazonaws.com/api/ct/zones?sortKey=status&sortDirection=ASC,325,0,0
1737041723566,781,Get List of Regions,200,,Http URL/API Test 1-17,text,true,,3600,1104,20,20,http://k8s-default-awsingre-a7e4fb380f-62692094.us-east-1.elb.amazonaws.com/api/iot2/level/region?lang=en&pageNumber=3&pageSize=8&sortKey=createdTime&sortDirection=DESC&keyType=SERVER_ATTRIBUTE,781,0,0
1737041723140,1386,Get List of Department,200,,Http URL/API Test 1-9,text,true,,10764,1108,20,20,http://k8s-default-awsingre-a7e4fb380f-62692094.us-east-1.elb.amazonaws.com/api/iot2/level/department?lang=en&pageNumber=2&pageSize=8&sortKey=createdTime&sortDirection=DESC&keyType=SERVER_ATTRIBUTE,1386,0,0
1737041723627,1170,Search Users,200,,Http URL/API Test 1-15,text,true,,18182,1090,20,20,http://k8s-default-awsingre-a7e4fb380f-62692094.us-east-1.elb.amazonaws.com/api/iot2/users?pageNumber=3&pageSize=16&sortKey=createdTime&keyType=SERVER_ATTRIBUTE&sortDirection=DESC,1170,0,0
1737041724090,1129,Get List of Regions,200,,Http URL/API Test 1-6,text,true,,6787,1105,20,20,http://k8s-default-awsingre-a7e4fb380f-62692094.us-east-1.elb.amazonaws.com/api/iot2/level/region?lang=en&pageNumber=2&pageSize=16&sortKey=createdTime&sortDirection=DESC&keyType=SERVER_ATTRIBUTE,1129,0,0
1737041724798,539,Get the List of Default config for the Departments,200,,Http URL/API Test 1-15,text,true,,5403,1067,20,20,http://k8s-default-awsingre-a7e4fb380f-62692094.us-east-1.elb.amazonaws.com/api/ct/department/config/list?sortKey=enName,539,0,0
1737041723904,1520,Get List of Cities,200,,Http URL/API Test 1-12,text,true,,11241,1103,20,20,http://k8s-default-awsingre-a7e4fb380f-62692094.us-east-1.elb.amazonaws.com/api/iot2/level/city?lang=en&pageNumber=3&pageSize=16&sortKey=createdTime&sortDirection=DESC&keyType=SERVER_ATTRIBUTE,1520,0,0
1737041724347,1434,Get List of Cities,200,,Http URL/API Test 1-17,text,true,,7146,1102,20,20,http://k8s-default-awsingre-a7e4fb380f-62692094.us-east-1.elb.amazonaws.com/api/iot2/level/city?lang=en&pageNumber=2&pageSize=8&sortKey=createdTime&sortDirection=DESC&keyType=SERVER_ATTRIBUTE,1434,0,0
1737041723566,2255,Get List of Devices,200,,Http URL/API Test 1-16,text,true,,9302,1276,20,20,http://k8s-default-awsingre-a7e4fb380f-62692094.us-east-1.elb.amazonaws.com/api/ct/devices?pageNumber=1&pageSize=16&sortKey=createdTime&sortDirection=DESC,2253,0,0
1737041725425,503,Search Rule,200,,Http URL/API Test 1-12,text,true,,21819,1094,20,20,http://k8s-default-awsingre-a7e4fb380f-62692094.us-east-1.elb.amazonaws.com/api/iot2/userrules?sortKey=createdTime&keyType=SERVER_ATTRIBUTE&sortDirection=DESC&pageNumber=1&pageSize=16,501,0,0
1737041722908,3287,Get the List of Alerts For Map,200,,Http URL/API Test 1-1,text,true,,457,1363,20,20,http://k8s-default-awsingre-a7e4fb380f-62692094.us-east-1.elb.amazonaws.com/api/ct/alerts?lang=en&pageNumber=3&pageSize=8&sortKey=createdTime&sortDirection=DESC,3287,0,0
1737041725928,705,Get the List of Alerts For Map,200,,Http URL/API Test 1-12,text,true,,457,1364,20,20,http://k8s-default-awsingre-a7e4fb380f-62692094.us-east-1.elb.amazonaws.com/api/ct/alerts?lang=en&pageNumber=2&pageSize=16&sortKey=createdTime&sortDirection=DESC,705,0,0
1737041726195,954,Get List of Regions,200,,Http URL/API Test 1-1,text,true,,3562,1104,20,20,http://k8s-default-awsingre-a7e4fb380f-62692094.us-east-1.elb.amazonaws.com/api/iot2/level/region?lang=en&pageNumber=1&pageSize=8&sortKey=createdTime&sortDirection=DESC&keyType=SERVER_ATTRIBUTE,954,0,0
1737041725337,1817,Get List of Department,200,,Http URL/API Test 1-15,text,true,,19858,1109,20,20,http://k8s-default-awsingre-a7e4fb380f-62692094.us-east-1.elb.amazonaws.com/api/iot2/level/department?lang=en&pageNumber=4&pageSize=16&sortKey=createdTime&sortDirection=DESC&keyType=SERVER_ATTRIBUTE,1816,0,0
1737041726633,579,Get List of Zones,200,,Http URL/API Test 1-12,text,true,,11537,1154,20,20,http://k8s-default-awsingre-a7e4fb380f-62692094.us-east-1.elb.amazonaws.com/api/ct/zones?sortKey=status&sortDirection=ASC,577,0,0
1737041725821,1828,Get List of Cities,200,,Http URL/API Test 1-16,text,true,,13905,1103,20,20,http://k8s-default-awsingre-a7e4fb380f-62692094.us-east-1.elb.amazonaws.com/api/iot2/level/city?lang=en&pageNumber=1&pageSize=16&sortKey=createdTime&sortDirection=DESC&keyType=SERVER_ATTRIBUTE,1828,0,0
1737041727212,446,Get the List of Default config for the Departments,200,,Http URL/API Test 1-12,text,true,,988,1106,20,20,http://k8s-default-awsingre-a7e4fb380f-62692094.us-east-1.elb.amazonaws.com/api/ct/department/config/list?sortKey=enName,446,0,0
1737041682713,45154,Get the List of Alerts For Map,200,,Http URL/API Test 1-18,text,true,,457,1363,20,20,http://k8s-default-awsingre-a7e4fb380f-62692094.us-east-1.elb.amazonaws.com/api/ct/alerts?lang=en&pageNumber=2&pageSize=8&sortKey=createdTime&sortDirection=DESC,45154,0,0
1737041727649,883,Get List of Regions,200,,Http URL/API Test 1-16,text,true,,6787,1105,20,20,http://k8s-default-awsingre-a7e4fb380f-62692094.us-east-1.elb.amazonaws.com/api/iot2/level/region?lang=en&pageNumber=2&pageSize=16&sortKey=createdTime&sortDirection=DESC&keyType=SERVER_ATTRIBUTE,883,0,0
1737041725220,3580,Get the List of Alerts,200,,Http URL/API Test 1-6,text,true,,457,1333,20,20,http://k8s-default-awsingre-a7e4fb380f-62692094.us-east-1.elb.amazonaws.com/api/ct/alerts?lang=en&pageNumber=3&pageSize=16&sortKey=createdTime&sortDirection=DESC&timeZone=Asia%2FRiyadh,3580,0,0
1737041682624,46185,Get the List of Alerts For Map,200,,Http URL/API Test 1-8,text,true,,457,1363,20,20,http://k8s-default-awsingre-a7e4fb380f-62692094.us-east-1.elb.amazonaws.com/api/ct/alerts?lang=en&pageNumber=2&pageSize=8&sortKey=createdTime&sortDirection=DESC,46185,0,0
1737041727868,964,Get List of Zones,200,,Http URL/API Test 1-18,text,true,,54095,1154,20,20,http://k8s-default-awsingre-a7e4fb380f-62692094.us-east-1.elb.amazonaws.com/api/ct/zones?sortKey=status&sortDirection=ASC,738,0,0
1737041728832,642,Get List of Regions,200,,Http URL/API Test 1-18,text,true,,3586,1104,20,20,http://k8s-default-awsingre-a7e4fb380f-62692094.us-east-1.elb.amazonaws.com/api/iot2/level/region?lang=en&pageNumber=4&pageSize=8&sortKey=createdTime&sortDirection=DESC&keyType=SERVER_ATTRIBUTE,642,0,0
1737041727659,2111,Get List of Department,200,,Http URL/API Test 1-12,text,true,,20591,1109,20,20,http://k8s-default-awsingre-a7e4fb380f-62692094.us-east-1.elb.amazonaws.com/api/iot2/level/department?lang=en&pageNumber=5&pageSize=16&sortKey=createdTime&sortDirection=DESC&keyType=SERVER_ATTRIBUTE,2111,0,0
1737041710270,20090,Get List of Containers,200,,Http URL/API Test 1-20,text,true,,3575,1296,20,20,http://k8s-default-awsingre-a7e4fb380f-62692094.us-east-1.elb.amazonaws.com/api/ct/containers?pageNumber=3&pageSize=8&sortKey=createdTime&sortDirection=DESC,20090,0,0
1737041728532,2266,Get List of Containers,200,,Http URL/API Test 1-16,text,true,,2792,1335,20,20,http://k8s-default-awsingre-a7e4fb380f-62692094.us-east-1.elb.amazonaws.com/api/ct/containers?pageNumber=3&pageSize=16&sortKey=createdTime&sortDirection=DESC,2266,0,0
1737041730799,373,Get the List of Default config for the Departments,200,,Http URL/API Test 1-16,text,true,,398,1106,20,20,http://k8s-default-awsingre-a7e4fb380f-62692094.us-east-1.elb.amazonaws.com/api/ct/department/config/list?sortKey=enName,373,0,0
1737041728800,2477,Get List of Department,200,,Http URL/API Test 1-6,text,true,,19850,1109,20,20,http://k8s-default-awsingre-a7e4fb380f-62692094.us-east-1.elb.amazonaws.com/api/iot2/level/department?lang=en&pageNumber=4&pageSize=16&sortKey=createdTime&sortDirection=DESC&keyType=SERVER_ATTRIBUTE,2477,0,0
1737041703597,28060,Search Devices for List For Map,200,,Http URL/API Test 1-4,text,true,,5384,1100,20,20,http://k8s-default-awsingre-a7e4fb380f-62692094.us-east-1.elb.amazonaws.com/api/ct/devices/map/list?pageSize=16&pageNumber=5&sortKey=status&sortDirection=DESC,28060,0,0
1737041731278,380,Get the List of Default config for the Departments,200,,Http URL/API Test 1-6,text,true,,398,1106,20,20,http://k8s-default-awsingre-a7e4fb380f-62692094.us-east-1.elb.amazonaws.com/api/ct/department/config/list?sortKey=enName,380,0,0
1737041731658,516,Get the List of Alerts For Map,200,,Http URL/API Test 1-4,text,true,,457,1364,20,20,http://k8s-default-awsingre-a7e4fb380f-62692094.us-east-1.elb.amazonaws.com/api/ct/alerts?lang=en&pageNumber=4&pageSize=16&sortKey=createdTime&sortDirection=DESC,516,0,0
1737041732174,1428,Get the List of Alerts,200,,Http URL/API Test 1-4,text,true,,457,1333,20,20,http://k8s-default-awsingre-a7e4fb380f-62692094.us-east-1.elb.amazonaws.com/api/ct/alerts?lang=en&pageNumber=3&pageSize=16&sortKey=createdTime&sortDirection=DESC&timeZone=Asia%2FRiyadh,1428,0,0
1737041733603,368,Get List of Containers,200,,Http URL/API Test 1-4,text,true,,457,1335,20,20,http://k8s-default-awsingre-a7e4fb380f-62692094.us-east-1.elb.amazonaws.com/api/ct/containers?pageNumber=1&pageSize=16&sortKey=createdTime&sortDirection=DESC,368,0,0
1737041706841,27132,Search Devices for List For Map,200,,Http URL/API Test 1-3,text,true,,2915,1099,20,20,http://k8s-default-awsingre-a7e4fb380f-62692094.us-east-1.elb.amazonaws.com/api/ct/devices/map/list?pageSize=8&pageNumber=4&sortKey=status&sortDirection=DESC,27132,0,0
1737041733975,417,Get the List of Default config for the Departments,200,,Http URL/API Test 1-3,text,true,,954,1106,20,20,http://k8s-default-awsingre-a7e4fb380f-62692094.us-east-1.elb.amazonaws.com/api/ct/department/config/list?sortKey=enName,417,0,0
1737041731172,3960,Get the List of Alerts,200,,Http URL/API Test 1-16,text,true,,457,1333,20,20,http://k8s-default-awsingre-a7e4fb380f-62692094.us-east-1.elb.amazonaws.com/api/ct/alerts?lang=en&pageNumber=5&pageSize=16&sortKey=createdTime&sortDirection=DESC&timeZone=Asia%2FRiyadh,3960,0,0
1737041709423,34226,Search Containers for List For Map,200,,Http URL/API Test 1-11,text,true,,509,1101,20,20,http://k8s-default-awsingre-a7e4fb380f-62692094.us-east-1.elb.amazonaws.com/api/ct/containers/map/list?pageSize=8&pageNumber=3&sortKey=messageTime&sortDirection=DESC,34226,0,0
1737041722547,21342,Get List of Containers,200,,Http URL/API Test 1-5,text,true,,6688,1297,20,20,http://k8s-default-awsingre-a7e4fb380f-62692094.us-east-1.elb.amazonaws.com/api/ct/containers?pageNumber=1&pageSize=16&sortKey=createdTime&sortDirection=DESC,21342,0,0
1737041743889,1384,Get list of Tasks,200,,Http URL/API Test 1-5,text,true,,5696,1148,20,20,http://k8s-default-awsingre-a7e4fb380f-62692094.us-east-1.elb.amazonaws.com/api/ct/tasks?pageNumber=3&pageSize=16,1384,0,196
1737041743651,2646,Get List of Devices,200,,Http URL/API Test 1-11,text,true,,4840,1275,20,20,http://k8s-default-awsingre-a7e4fb380f-62692094.us-east-1.elb.amazonaws.com/api/ct/devices?pageNumber=2&pageSize=8&sortKey=createdTime&sortDirection=DESC,2646,0,177
1737041717362,29241,Search Zones for List For Map,200,,Http URL/API Test 1-10,text,true,,5381,1100,20,20,http://k8s-default-awsingre-a7e4fb380f-62692094.us-east-1.elb.amazonaws.com/api/ct/zones/map/list?pageSize=16&pageNumber=4&&sortKey=occupied&sortDirection=DESC,29241,0,0
1737041746297,1123,Get list of Tasks,200,,Http URL/API Test 1-11,text,true,,3171,1147,20,20,http://k8s-default-awsingre-a7e4fb380f-62692094.us-east-1.elb.amazonaws.com/api/ct/tasks?pageNumber=4&pageSize=8,1123,0,0
1737041745273,2519,Get List of Department,200,,Http URL/API Test 1-5,text,true,,19858,1109,20,20,http://k8s-default-awsingre-a7e4fb380f-62692094.us-east-1.elb.amazonaws.com/api/iot2/level/department?lang=en&pageNumber=4&pageSize=16&sortKey=createdTime&sortDirection=DESC&keyType=SERVER_ATTRIBUTE,2454,0,0
1737041746605,2249,Get List of Cities,200,,Http URL/API Test 1-10,text,true,,13559,1103,20,20,http://k8s-default-awsingre-a7e4fb380f-62692094.us-east-1.elb.amazonaws.com/api/iot2/level/city?lang=en&pageNumber=2&pageSize=16&sortKey=createdTime&sortDirection=DESC&keyType=SERVER_ATTRIBUTE,2248,0,192
1737041747420,1437,Get List of Cities,200,,Http URL/API Test 1-11,text,true,,7091,1102,20,20,http://k8s-default-awsingre-a7e4fb380f-62692094.us-east-1.elb.amazonaws.com/api/iot2/level/city?lang=en&pageNumber=4&pageSize=8&sortKey=createdTime&sortDirection=DESC&keyType=SERVER_ATTRIBUTE,1437,0,0
1737041720084,29138,Search Devices for List For Map,200,,Http URL/API Test 1-14,text,true,,5343,1100,20,20,http://k8s-default-awsingre-a7e4fb380f-62692094.us-east-1.elb.amazonaws.com/api/ct/devices/map/list?pageSize=16&pageNumber=3&sortKey=status&sortDirection=DESC,29138,0,0
1737041728811,21172,Get List of Devices,200,,Http URL/API Test 1-8,text,true,,4879,1275,20,20,http://k8s-default-awsingre-a7e4fb380f-62692094.us-east-1.elb.amazonaws.com/api/ct/devices?pageNumber=5&pageSize=8&sortKey=createdTime&sortDirection=DESC,21172,0,0
1737041748856,1159,Search Users,200,,Http URL/API Test 1-10,text,true,,24017,1090,20,20,http://k8s-default-awsingre-a7e4fb380f-62692094.us-east-1.elb.amazonaws.com/api/iot2/users?pageNumber=1&pageSize=16&sortKey=createdTime&keyType=SERVER_ATTRIBUTE&sortDirection=DESC,1158,0,0
1737041719577,30720,Search Devices for List For Map,200,,Http URL/API Test 1-2,text,true,,2915,1099,20,20,http://k8s-default-awsingre-a7e4fb380f-62692094.us-east-1.elb.amazonaws.com/api/ct/devices/map/list?pageSize=8&pageNumber=1&sortKey=status&sortDirection=DESC,30720,0,0
1737041727155,23852,Get List of Containers,200,,Http URL/API Test 1-15,text,true,,6688,1297,20,20,http://k8s-default-awsingre-a7e4fb380f-62692094.us-east-1.elb.amazonaws.com/api/ct/containers?pageNumber=4&pageSize=16&sortKey=createdTime&sortDirection=DESC,23852,0,0
1737041750299,709,Get List of Devices,200,,Http URL/API Test 1-2,text,true,,457,1275,20,20,http://k8s-default-awsingre-a7e4fb380f-62692094.us-east-1.elb.amazonaws.com/api/ct/devices?pageNumber=4&pageSize=8&sortKey=createdTime&sortDirection=DESC,709,0,170
1737041750015,2019,Get List of Department,200,,Http URL/API Test 1-10,text,true,,19850,1109,20,20,http://k8s-default-awsingre-a7e4fb380f-62692094.us-east-1.elb.amazonaws.com/api/iot2/level/department?lang=en&pageNumber=4&pageSize=16&sortKey=createdTime&sortDirection=DESC&keyType=SERVER_ATTRIBUTE,2019,0,0
1737041723139,28983,Search Devices for List For Map,200,,Http URL/API Test 1-7,text,true,,5356,1100,20,20,http://k8s-default-awsingre-a7e4fb380f-62692094.us-east-1.elb.amazonaws.com/api/ct/devices/map/list?pageSize=16&pageNumber=4&sortKey=status&sortDirection=DESC,28983,0,0
1737041751008,1356,Get List of Cities,200,,Http URL/API Test 1-2,text,true,,6926,1102,20,20,http://k8s-default-awsingre-a7e4fb380f-62692094.us-east-1.elb.amazonaws.com/api/iot2/level/city?lang=en&pageNumber=5&pageSize=8&sortKey=createdTime&sortDirection=DESC&keyType=SERVER_ATTRIBUTE,1356,0,0
1737041748858,4045,Get the List of Alerts For Map,200,,Http URL/API Test 1-11,text,true,,457,1363,20,20,http://k8s-default-awsingre-a7e4fb380f-62692094.us-east-1.elb.amazonaws.com/api/ct/alerts?lang=en&pageNumber=4&pageSize=8&sortKey=createdTime&sortDirection=DESC,4045,0,0
1737041752124,859,Get the List of Alerts For Map,200,,Http URL/API Test 1-7,text,true,,457,1364,20,20,http://k8s-default-awsingre-a7e4fb380f-62692094.us-east-1.elb.amazonaws.com/api/ct/alerts?lang=en&pageNumber=1&pageSize=16&sortKey=createdTime&sortDirection=DESC,859,0,198
1737041751008,2441,Get List of Alert Profiles,200,,Http URL/API Test 1-15,text,true,,13656,1155,20,20,http://k8s-default-awsingre-a7e4fb380f-62692094.us-east-1.elb.amazonaws.com/api/ct/alertprofiles?pageNumber=3&pageSize=16&sortKey=createdTime&sortDirection=ASC,2361,0,196
1737041724526,29453,Search Zones for List For Map,200,,Http URL/API Test 1-9,text,true,,2927,1099,20,20,http://k8s-default-awsingre-a7e4fb380f-62692094.us-east-1.elb.amazonaws.com/api/ct/zones/map/list?pageSize=8&pageNumber=4&&sortKey=occupied&sortDirection=DESC,29453,0,0
1737041752034,2092,Get List of Alert Profiles,200,,Http URL/API Test 1-10,text,true,,15172,1155,20,20,http://k8s-default-awsingre-a7e4fb380f-62692094.us-east-1.elb.amazonaws.com/api/ct/alertprofiles?pageNumber=4&pageSize=16&sortKey=createdTime&sortDirection=ASC,2089,0,0
1737041723864,30429,Search Devices for List For Map,200,,Http URL/API Test 1-19,text,true,,2903,1099,20,20,http://k8s-default-awsingre-a7e4fb380f-62692094.us-east-1.elb.amazonaws.com/api/ct/devices/map/list?pageSize=8&pageNumber=5&sortKey=status&sortDirection=DESC,30429,0,0
1737041752365,2084,Get List of Alert Profiles,200,,Http URL/API Test 1-2,text,true,,458,1192,20,20,http://k8s-default-awsingre-a7e4fb380f-62692094.us-east-1.elb.amazonaws.com/api/ct/alertprofiles?pageNumber=2&pageSize=8&sortKey=createdTime&sortDirection=ASC,2084,0,0
1737041753981,525,Get the List of Default config for the Departments,200,,Http URL/API Test 1-9,text,true,,921,1106,20,20,http://k8s-default-awsingre-a7e4fb380f-62692094.us-east-1.elb.amazonaws.com/api/ct/department/config/list?sortKey=enName,525,0,166
1737041722732,32272,Search Containers for List For Map,200,,Http URL/API Test 1-13,text,true,,1903,1101,20,20,http://k8s-default-awsingre-a7e4fb380f-62692094.us-east-1.elb.amazonaws.com/api/ct/containers/map/list?pageSize=8&pageNumber=3&sortKey=messageTime&sortDirection=DESC,32272,0,0
1737041754449,1170,Get list of Tasks,200,,Http URL/API Test 1-2,text,true,,3524,1147,20,20,http://k8s-default-awsingre-a7e4fb380f-62692094.us-east-1.elb.amazonaws.com/api/ct/tasks?pageNumber=1&pageSize=8,1170,0,0
1737041725781,30163,Search Zones for List For Map,200,,Http URL/API Test 1-17,text,true,,2929,1099,20,20,http://k8s-default-awsingre-a7e4fb380f-62692094.us-east-1.elb.amazonaws.com/api/ct/zones/map/list?pageSize=8&pageNumber=3&&sortKey=occupied&sortDirection=DESC,30163,0,0
1737041754294,1719,Get the List of Alerts,200,,Http URL/API Test 1-19,text,true,,457,1332,20,20,http://k8s-default-awsingre-a7e4fb380f-62692094.us-east-1.elb.amazonaws.com/api/ct/alerts?lang=en&pageNumber=3&pageSize=8&sortKey=createdTime&sortDirection=DESC&timeZone=Asia%2FRiyadh,1719,0,174
1737041755620,411,Get the List of Default config for the Departments,200,,Http URL/API Test 1-2,text,true,,988,1106,20,20,http://k8s-default-awsingre-a7e4fb380f-62692094.us-east-1.elb.amazonaws.com/api/ct/department/config/list?sortKey=enName,411,0,0
1737041754506,1653,Get List of Alert Profiles,200,,Http URL/API Test 1-9,text,true,,457,1192,20,20,http://k8s-default-awsingre-a7e4fb380f-62692094.us-east-1.elb.amazonaws.com/api/ct/alertprofiles?pageNumber=5&pageSize=8&sortKey=createdTime&sortDirection=ASC,1653,0,0
1737041756160,480,Get List of Containers,200,,Http URL/API Test 1-9,text,true,,457,1334,20,20,http://k8s-default-awsingre-a7e4fb380f-62692094.us-east-1.elb.amazonaws.com/api/ct/containers?pageNumber=4&pageSize=8&sortKey=createdTime&sortDirection=DESC,480,0,0
1737041756032,686,Get the List of Alerts For Map,200,,Http URL/API Test 1-2,text,true,,457,1363,20,20,http://k8s-default-awsingre-a7e4fb380f-62692094.us-east-1.elb.amazonaws.com/api/ct/alerts?lang=en&pageNumber=5&pageSize=8&sortKey=createdTime&sortDirection=DESC,686,0,0
1737041756014,1145,Search Users,200,,Http URL/API Test 1-19,text,true,,12260,1089,20,20,http://k8s-default-awsingre-a7e4fb380f-62692094.us-east-1.elb.amazonaws.com/api/iot2/users?pageNumber=2&pageSize=8&sortKey=createdTime&keyType=SERVER_ATTRIBUTE&sortDirection=DESC,1145,0,0
1737041756640,925,Get List of Regions,200,,Http URL/API Test 1-9,text,true,,3562,1104,20,20,http://k8s-default-awsingre-a7e4fb380f-62692094.us-east-1.elb.amazonaws.com/api/iot2/level/region?lang=en&pageNumber=1&pageSize=8&sortKey=createdTime&sortDirection=DESC&keyType=SERVER_ATTRIBUTE,925,0,0
1737041755006,2560,Get List of Alert Profiles,200,,Http URL/API Test 1-13,text,true,,9654,1192,20,20,http://k8s-default-awsingre-a7e4fb380f-62692094.us-east-1.elb.amazonaws.com/api/ct/alertprofiles?pageNumber=2&pageSize=8&sortKey=createdTime&sortDirection=ASC,2560,0,170
1737041755960,1607,Get List of Department,200,,Http URL/API Test 1-17,text,true,,10764,1108,20,20,http://k8s-default-awsingre-a7e4fb380f-62692094.us-east-1.elb.amazonaws.com/api/iot2/level/department?lang=en&pageNumber=4&pageSize=8&sortKey=createdTime&sortDirection=DESC&keyType=SERVER_ATTRIBUTE,1607,0,192
1737041727149,30801,Search Devices for List For Map,200,,Http URL/API Test 1-1,text,true,,2900,1099,20,20,http://k8s-default-awsingre-a7e4fb380f-62692094.us-east-1.elb.amazonaws.com/api/ct/devices/map/list?pageSize=8&pageNumber=5&sortKey=status&sortDirection=DESC,30801,0,0
1737041757568,505,Get List of Containers,200,,Http URL/API Test 1-17,text,true,,457,1334,20,20,http://k8s-default-awsingre-a7e4fb380f-62692094.us-east-1.elb.amazonaws.com/api/ct/containers?pageNumber=3&pageSize=8&sortKey=createdTime&sortDirection=DESC,505,0,0
1737041757566,826,Get List of Zones,200,,Http URL/API Test 1-9,text,true,,1969,1154,20,20,http://k8s-default-awsingre-a7e4fb380f-62692094.us-east-1.elb.amazonaws.com/api/ct/zones?sortKey=status&sortDirection=ASC,826,0,0
1737041757160,1259,Get list of Tasks,200,,Http URL/API Test 1-19,text,true,,3171,1147,20,20,http://k8s-default-awsingre-a7e4fb380f-62692094.us-east-1.elb.amazonaws.com/api/ct/tasks?pageNumber=4&pageSize=8,1259,0,0
1737041729475,28992,Search Zones for List For Map,200,,Http URL/API Test 1-18,text,true,,2927,1099,20,20,http://k8s-default-awsingre-a7e4fb380f-62692094.us-east-1.elb.amazonaws.com/api/ct/zones/map/list?pageSize=8&pageNumber=4&&sortKey=occupied&sortDirection=DESC,28992,0,0
1737041756719,1777,Get List of Department,200,,Http URL/API Test 1-2,text,true,,10764,1108,20,20,http://k8s-default-awsingre-a7e4fb380f-62692094.us-east-1.elb.amazonaws.com/api/iot2/level/department?lang=en&pageNumber=3&pageSize=8&sortKey=createdTime&sortDirection=DESC&keyType=SERVER_ATTRIBUTE,1776,0,0
1737041757567,1040,Get List of Zones,200,,Http URL/API Test 1-13,text,true,,54071,1154,20,20,http://k8s-default-awsingre-a7e4fb380f-62692094.us-east-1.elb.amazonaws.com/api/ct/zones?sortKey=status&sortDirection=ASC,924,0,0
1737041758393,473,Search Rule,200,,Http URL/API Test 1-9,text,true,,8382,1093,20,20,http://k8s-default-awsingre-a7e4fb380f-62692094.us-east-1.elb.amazonaws.com/api/iot2/userrules?sortKey=createdTime&keyType=SERVER_ATTRIBUTE&sortDirection=DESC&pageNumber=2&pageSize=8,473,0,0
1737041758470,804,Search Rule,200,,Http URL/API Test 1-18,text,true,,18432,1093,20,20,http://k8s-default-awsingre-a7e4fb380f-62692094.us-east-1.elb.amazonaws.com/api/iot2/userrules?sortKey=createdTime&keyType=SERVER_ATTRIBUTE&sortDirection=DESC&pageNumber=1&pageSize=8,704,0,184
1737041758867,418,Get List of Devices,200,,Http URL/API Test 1-9,text,true,,457,1275,20,20,http://k8s-default-awsingre-a7e4fb380f-62692094.us-east-1.elb.amazonaws.com/api/ct/devices?pageNumber=3&pageSize=8&sortKey=createdTime&sortDirection=DESC,418,0,0
1737041758496,1074,Search Users,200,,Http URL/API Test 1-2,text,true,,12561,1089,20,20,http://k8s-default-awsingre-a7e4fb380f-62692094.us-east-1.elb.amazonaws.com/api/iot2/users?pageNumber=1&pageSize=8&sortKey=createdTime&keyType=SERVER_ATTRIBUTE&sortDirection=DESC,1074,0,0
1737041757952,1863,Get List of Department,200,,Http URL/API Test 1-1,text,true,,10764,1108,20,20,http://k8s-default-awsingre-a7e4fb380f-62692094.us-east-1.elb.amazonaws.com/api/iot2/level/department?lang=en&pageNumber=4&pageSize=8&sortKey=createdTime&sortDirection=DESC&keyType=SERVER_ATTRIBUTE,1862,0,181
1737041758608,1411,Get List of Cities,200,,Http URL/API Test 1-13,text,true,,6926,1102,20,20,http://k8s-default-awsingre-a7e4fb380f-62692094.us-east-1.elb.amazonaws.com/api/iot2/level/city?lang=en&pageNumber=5&pageSize=8&sortKey=createdTime&sortDirection=DESC&keyType=SERVER_ATTRIBUTE,1411,0,0
1737041760019,1284,Search Users,200,,Http URL/API Test 1-13,text,true,,12561,1089,20,20,http://k8s-default-awsingre-a7e4fb380f-62692094.us-east-1.elb.amazonaws.com/api/iot2/users?pageNumber=1&pageSize=8&sortKey=createdTime&keyType=SERVER_ATTRIBUTE&sortDirection=DESC,1284,0,0
1737041759571,1812,Get the List of Alerts,200,,Http URL/API Test 1-2,text,true,,6989,1332,20,20,http://k8s-default-awsingre-a7e4fb380f-62692094.us-east-1.elb.amazonaws.com/api/ct/alerts?lang=en&pageNumber=2&pageSize=8&sortKey=createdTime&sortDirection=DESC&timeZone=Asia%2FRiyadh,1812,0,0
1737041730362,31606,Search Devices for List For Map,200,,Http URL/API Test 1-20,text,true,,2895,1099,20,20,http://k8s-default-awsingre-a7e4fb380f-62692094.us-east-1.elb.amazonaws.com/api/ct/devices/map/list?pageSize=8&pageNumber=5&sortKey=status&sortDirection=DESC,31606,0,0
1737041761304,1686,Get List of Department,200,,Http URL/API Test 1-13,text,true,,10764,1108,20,20,http://k8s-default-awsingre-a7e4fb380f-62692094.us-east-1.elb.amazonaws.com/api/iot2/level/department?lang=en&pageNumber=3&pageSize=8&sortKey=createdTime&sortDirection=DESC&keyType=SERVER_ATTRIBUTE,1686,0,0
1737041762991,616,Search Rule,200,,Http URL/API Test 1-13,text,true,,8382,1093,20,20,http://k8s-default-awsingre-a7e4fb380f-62692094.us-east-1.elb.amazonaws.com/api/iot2/userrules?sortKey=createdTime&keyType=SERVER_ATTRIBUTE&sortDirection=DESC&pageNumber=2&pageSize=8,616,0,0
1737041729770,33959,Search Containers for List For Map,200,,Http URL/API Test 1-12,text,true,,509,1102,20,20,http://k8s-default-awsingre-a7e4fb380f-62692094.us-east-1.elb.amazonaws.com/api/ct/containers/map/list?pageSize=16&pageNumber=4&sortKey=messageTime&sortDirection=DESC,33959,0,0
1737041734392,30135,Search Zones for List For Map,200,,Http URL/API Test 1-3,text,true,,2927,1099,20,20,http://k8s-default-awsingre-a7e4fb380f-62692094.us-east-1.elb.amazonaws.com/api/ct/zones/map/list?pageSize=8&pageNumber=4&&sortKey=occupied&sortDirection=DESC,30135,0,0
1737041763607,1021,Get list of Tasks,200,,Http URL/API Test 1-13,text,true,,3212,1147,20,20,http://k8s-default-awsingre-a7e4fb380f-62692094.us-east-1.elb.amazonaws.com/api/ct/tasks?pageNumber=3&pageSize=8,1021,0,0
1737041764628,632,Get List of Regions,200,,Http URL/API Test 1-13,text,true,,3586,1104,20,20,http://k8s-default-awsingre-a7e4fb380f-62692094.us-east-1.elb.amazonaws.com/api/iot2/level/region?lang=en&pageNumber=4&pageSize=8&sortKey=createdTime&sortDirection=DESC&keyType=SERVER_ATTRIBUTE,632,0,0
1737041731658,34400,Search Containers for List For Map,200,,Http URL/API Test 1-6,text,true,,509,1102,20,20,http://k8s-default-awsingre-a7e4fb380f-62692094.us-east-1.elb.amazonaws.com/api/ct/containers/map/list?pageSize=16&pageNumber=4&sortKey=messageTime&sortDirection=DESC,34400,0,0
1737041763730,2329,Get List of Alert Profiles,200,,Http URL/API Test 1-12,text,true,,458,1193,20,20,http://k8s-default-awsingre-a7e4fb380f-62692094.us-east-1.elb.amazonaws.com/api/ct/alertprofiles?pageNumber=4&pageSize=16&sortKey=createdTime&sortDirection=ASC,2329,0,191
1737041766060,880,Get List of Regions,200,,Http URL/API Test 1-12,text,true,,6626,1105,20,20,http://k8s-default-awsingre-a7e4fb380f-62692094.us-east-1.elb.amazonaws.com/api/iot2/level/region?lang=en&pageNumber=3&pageSize=16&sortKey=createdTime&sortDirection=DESC&keyType=SERVER_ATTRIBUTE,880,0,0
1737041733971,33664,Search Containers for List For Map,200,,Http URL/API Test 1-4,text,true,,509,1102,20,20,http://k8s-default-awsingre-a7e4fb380f-62692094.us-east-1.elb.amazonaws.com/api/ct/containers/map/list?pageSize=16&pageNumber=3&sortKey=messageTime&sortDirection=DESC,33664,0,0
1737041735133,32708,Search Containers for List For Map,200,,Http URL/API Test 1-16,text,true,,509,1102,20,20,http://k8s-default-awsingre-a7e4fb380f-62692094.us-east-1.elb.amazonaws.com/api/ct/containers/map/list?pageSize=16&pageNumber=3&sortKey=messageTime&sortDirection=DESC,32708,0,0
1737041766060,2562,Get List of Devices,200,,Http URL/API Test 1-6,text,true,,4371,1276,20,20,http://k8s-default-awsingre-a7e4fb380f-62692094.us-east-1.elb.amazonaws.com/api/ct/devices?pageNumber=3&pageSize=16&sortKey=createdTime&sortDirection=DESC,2562,0,194
1737041767636,1070,Search Rule,200,,Http URL/API Test 1-4,text,true,,14907,1094,20,20,http://k8s-default-awsingre-a7e4fb380f-62692094.us-east-1.elb.amazonaws.com/api/iot2/userrules?sortKey=createdTime&keyType=SERVER_ATTRIBUTE&sortDirection=DESC&pageNumber=2&pageSize=16,986,0,186
1737041768707,530,Get List of Devices,200,,Http URL/API Test 1-4,text,true,,457,1276,20,20,http://k8s-default-awsingre-a7e4fb380f-62692094.us-east-1.elb.amazonaws.com/api/ct/devices?pageNumber=5&pageSize=16&sortKey=createdTime&sortDirection=DESC,530,0,0
1737041767843,2424,Get List of Department,200,,Http URL/API Test 1-16,text,true,,21292,1109,19,19,http://k8s-default-awsingre-a7e4fb380f-62692094.us-east-1.elb.amazonaws.com/api/iot2/level/department?lang=en&pageNumber=3&pageSize=16&sortKey=createdTime&sortDirection=DESC&keyType=SERVER_ATTRIBUTE,2316,0,167
1737041768623,4451,Get the List of Alerts For Map,200,,Http URL/API Test 1-6,text,true,,457,1364,19,19,http://k8s-default-awsingre-a7e4fb380f-62692094.us-east-1.elb.amazonaws.com/api/ct/alerts?lang=en&pageNumber=5&pageSize=16&sortKey=createdTime&sortDirection=DESC,4451,0,0
1737041773074,1077,Get List of Cities,200,,Http URL/API Test 1-6,text,true,,458,1103,19,19,http://k8s-default-awsingre-a7e4fb380f-62692094.us-east-1.elb.amazonaws.com/api/iot2/level/city?lang=en&pageNumber=4&pageSize=16&sortKey=createdTime&sortDirection=DESC&keyType=SERVER_ATTRIBUTE,1077,0,0
1737041747793,26918,Search Devices for List For Map,200,,Http URL/API Test 1-5,text,true,,5328,1100,19,19,http://k8s-default-awsingre-a7e4fb380f-62692094.us-east-1.elb.amazonaws.com/api/ct/devices/map/list?pageSize=16&pageNumber=4&sortKey=status&sortDirection=DESC,26918,0,0
1737041774151,1247,Get list of Tasks,200,,Http URL/API Test 1-6,text,true,,6652,1148,19,19,http://k8s-default-awsingre-a7e4fb380f-62692094.us-east-1.elb.amazonaws.com/api/ct/tasks?pageNumber=2&pageSize=16,1247,0,0
1737041774713,1588,Search Users,200,,Http URL/API Test 1-5,text,true,,18626,1090,19,19,http://k8s-default-awsingre-a7e4fb380f-62692094.us-east-1.elb.amazonaws.com/api/iot2/users?pageNumber=4&pageSize=16&sortKey=createdTime&keyType=SERVER_ATTRIBUTE&sortDirection=DESC,1588,0,0
1737041775398,1082,Search Users,200,,Http URL/API Test 1-6,text,true,,18190,1090,19,19,http://k8s-default-awsingre-a7e4fb380f-62692094.us-east-1.elb.amazonaws.com/api/iot2/users?pageNumber=3&pageSize=16&sortKey=createdTime&keyType=SERVER_ATTRIBUTE&sortDirection=DESC,972,0,0
1737041776302,1201,Get List of Cities,200,,Http URL/API Test 1-5,text,true,,458,1103,19,19,http://k8s-default-awsingre-a7e4fb380f-62692094.us-east-1.elb.amazonaws.com/api/iot2/level/city?lang=en&pageNumber=5&pageSize=16&sortKey=createdTime&sortDirection=DESC&keyType=SERVER_ATTRIBUTE,1201,0,0
1737041753450,24089,Get List of Devices,200,,Http URL/API Test 1-15,text,true,,9398,1238,19,19,http://k8s-default-awsingre-a7e4fb380f-62692094.us-east-1.elb.amazonaws.com/api/ct/devices?pageNumber=5&pageSize=16&sortKey=createdTime&sortDirection=DESC,24089,0,0
1737041749985,29450,Get the List of Alerts,200,,Http URL/API Test 1-8,text,true,,6746,1332,19,19,http://k8s-default-awsingre-a7e4fb380f-62692094.us-east-1.elb.amazonaws.com/api/ct/alerts?lang=en&pageNumber=2&pageSize=8&sortKey=createdTime&sortDirection=DESC&timeZone=Asia%2FRiyadh,29450,0,168
1737041779435,1005,Get List of Zones,200,,Http URL/API Test 1-8,text,true,,54095,1154,19,19,http://k8s-default-awsingre-a7e4fb380f-62692094.us-east-1.elb.amazonaws.com/api/ct/zones?sortKey=status&sortDirection=ASC,964,0,0
1737041752983,29789,Search Zones for List For Map,200,,Http URL/API Test 1-7,text,true,,5412,1100,19,19,http://k8s-default-awsingre-a7e4fb380f-62692094.us-east-1.elb.amazonaws.com/api/ct/zones/map/list?pageSize=16&pageNumber=1&&sortKey=occupied&sortDirection=DESC,29789,0,0
1737041752903,30296,Search Devices for List For Map,200,,Http URL/API Test 1-11,text,true,,2913,1099,19,19,http://k8s-default-awsingre-a7e4fb380f-62692094.us-east-1.elb.amazonaws.com/api/ct/devices/map/list?pageSize=8&pageNumber=1&sortKey=status&sortDirection=DESC,30296,0,0
1737041782773,636,Search Rule,200,,Http URL/API Test 1-7,text,true,,14907,1094,19,19,http://k8s-default-awsingre-a7e4fb380f-62692094.us-east-1.elb.amazonaws.com/api/iot2/userrules?sortKey=createdTime&keyType=SERVER_ATTRIBUTE&sortDirection=DESC&pageNumber=2&pageSize=16,525,0,0
1737041749224,34552,Search Containers for List For Map,200,,Http URL/API Test 1-14,text,true,,3642,1102,19,19,http://k8s-default-awsingre-a7e4fb380f-62692094.us-east-1.elb.amazonaws.com/api/ct/containers/map/list?pageSize=16&pageNumber=1&sortKey=messageTime&sortDirection=DESC,34552,0,177
1737041783778,613,Get List of Zones,200,,Http URL/API Test 1-14,text,true,,1969,1154,19,19,http://k8s-default-awsingre-a7e4fb380f-62692094.us-east-1.elb.amazonaws.com/api/ct/zones?sortKey=status&sortDirection=ASC,613,0,0
1737041783200,1601,Get List of Department,200,,Http URL/API Test 1-11,text,true,,10764,1108,19,19,http://k8s-default-awsingre-a7e4fb380f-62692094.us-east-1.elb.amazonaws.com/api/iot2/level/department?lang=en&pageNumber=2&pageSize=8&sortKey=createdTime&sortDirection=DESC&keyType=SERVER_ATTRIBUTE,1601,0,0
1737041783409,2007,Get List of Cities,200,,Http URL/API Test 1-7,text,true,,13905,1103,18,18,http://k8s-default-awsingre-a7e4fb380f-62692094.us-east-1.elb.amazonaws.com/api/iot2/level/city?lang=en&pageNumber=1&pageSize=16&sortKey=createdTime&sortDirection=DESC&keyType=SERVER_ATTRIBUTE,2006,0,0
1737041754127,31595,Search Containers for List For Map,200,,Http URL/API Test 1-10,text,true,,6084,1102,18,18,http://k8s-default-awsingre-a7e4fb380f-62692094.us-east-1.elb.amazonaws.com/api/ct/containers/map/list?pageSize=16&pageNumber=5&sortKey=messageTime&sortDirection=DESC,31595,0,0
1737041784392,1606,Get List of Cities,200,,Http URL/API Test 1-14,text,true,,13559,1103,18,18,http://k8s-default-awsingre-a7e4fb380f-62692094.us-east-1.elb.amazonaws.com/api/iot2/level/city?lang=en&pageNumber=2&pageSize=16&sortKey=createdTime&sortDirection=DESC&keyType=SERVER_ATTRIBUTE,1506,0,0
1737041785724,397,Get the List of Default config for the Departments,200,,Http URL/API Test 1-10,text,true,,5403,1067,18,18,http://k8s-default-awsingre-a7e4fb380f-62692094.us-east-1.elb.amazonaws.com/api/ct/department/config/list?sortKey=enName,397,0,0
1737041785999,440,Get List of Containers,200,,Http URL/API Test 1-14,text,true,,457,1335,18,18,http://k8s-default-awsingre-a7e4fb380f-62692094.us-east-1.elb.amazonaws.com/api/ct/containers?pageNumber=3&pageSize=16&sortKey=createdTime&sortDirection=DESC,440,0,0
1737041785417,1197,Search Users,200,,Http URL/API Test 1-7,text,true,,18618,1090,18,18,http://k8s-default-awsingre-a7e4fb380f-62692094.us-east-1.elb.amazonaws.com/api/iot2/users?pageNumber=4&pageSize=16&sortKey=createdTime&keyType=SERVER_ATTRIBUTE&sortDirection=DESC,1197,0,0
1737041786440,363,Get List of Devices,200,,Http URL/API Test 1-14,text,true,,457,1276,18,18,http://k8s-default-awsingre-a7e4fb380f-62692094.us-east-1.elb.amazonaws.com/api/ct/devices?pageNumber=5&pageSize=16&sortKey=createdTime&sortDirection=DESC,363,0,0
1737041786615,541,Get List of Containers,200,,Http URL/API Test 1-7,text,true,,457,1335,18,18,http://k8s-default-awsingre-a7e4fb380f-62692094.us-east-1.elb.amazonaws.com/api/ct/containers?pageNumber=1&pageSize=16&sortKey=createdTime&sortDirection=DESC,541,0,0
1737041786804,398,Get the List of Default config for the Departments,200,,Http URL/API Test 1-14,text,true,,921,1106,18,18,http://k8s-default-awsingre-a7e4fb380f-62692094.us-east-1.elb.amazonaws.com/api/ct/department/config/list?sortKey=enName,398,0,0
1737041786122,1272,Get List of Zones,200,,Http URL/API Test 1-10,text,true,,197405,1116,18,18,http://k8s-default-awsingre-a7e4fb380f-62692094.us-east-1.elb.amazonaws.com/api/ct/zones?sortKey=status&sortDirection=ASC,1058,0,0
1737041787202,979,Get the List of Alerts,200,,Http URL/API Test 1-14,text,true,,457,1333,18,18,http://k8s-default-awsingre-a7e4fb380f-62692094.us-east-1.elb.amazonaws.com/api/ct/alerts?lang=en&pageNumber=3&pageSize=16&sortKey=createdTime&sortDirection=DESC&timeZone=Asia%2FRiyadh,979,0,0
1737041787167,1027,Get list of Tasks,200,,Http URL/API Test 1-7,text,true,,5696,1148,18,18,http://k8s-default-awsingre-a7e4fb380f-62692094.us-east-1.elb.amazonaws.com/api/ct/tasks?pageNumber=3&pageSize=16,1027,0,0
1737041788181,613,Search Rule,200,,Http URL/API Test 1-14,text,true,,21827,1094,18,18,http://k8s-default-awsingre-a7e4fb380f-62692094.us-east-1.elb.amazonaws.com/api/iot2/userrules?sortKey=createdTime&keyType=SERVER_ATTRIBUTE&sortDirection=DESC&pageNumber=1&pageSize=16,613,0,0
1737041788195,675,Get List of Zones,200,,Http URL/API Test 1-7,text,true,,11537,1154,18,18,http://k8s-default-awsingre-a7e4fb380f-62692094.us-east-1.elb.amazonaws.com/api/ct/zones?sortKey=status&sortDirection=ASC,675,0,0
1737041758419,30545,Search Zones for List For Map,200,,Http URL/API Test 1-19,text,true,,2927,1099,18,18,http://k8s-default-awsingre-a7e4fb380f-62692094.us-east-1.elb.amazonaws.com/api/ct/zones/map/list?pageSize=8&pageNumber=4&&sortKey=occupied&sortDirection=DESC,30545,0,0
1737041788871,364,Get the List of Default config for the Departments,200,,Http URL/API Test 1-7,text,true,,988,1106,18,18,http://k8s-default-awsingre-a7e4fb380f-62692094.us-east-1.elb.amazonaws.com/api/ct/department/config/list?sortKey=enName,364,0,0
1737041788795,545,Get the List of Alerts For Map,200,,Http URL/API Test 1-14,text,true,,457,1364,17,17,http://k8s-default-awsingre-a7e4fb380f-62692094.us-east-1.elb.amazonaws.com/api/ct/alerts?lang=en&pageNumber=4&pageSize=16&sortKey=createdTime&sortDirection=DESC,545,0,0
1737041788978,565,Get List of Zones,200,,Http URL/API Test 1-19,text,true,,1969,1154,16,16,http://k8s-default-awsingre-a7e4fb380f-62692094.us-east-1.elb.amazonaws.com/api/ct/zones?sortKey=status&sortDirection=ASC,565,0,0
1737041759815,30564,Search Zones for List For Map,200,,Http URL/API Test 1-1,text,true,,2927,1099,15,15,http://k8s-default-awsingre-a7e4fb380f-62692094.us-east-1.elb.amazonaws.com/api/ct/zones/map/list?pageSize=8&pageNumber=4&&sortKey=occupied&sortDirection=DESC,30564,0,0
1737041790381,1030,Search Users,200,,Http URL/API Test 1-1,text,true,,12260,1089,15,15,http://k8s-default-awsingre-a7e4fb380f-62692094.us-east-1.elb.amazonaws.com/api/iot2/users?pageNumber=2&pageSize=8&sortKey=createdTime&keyType=SERVER_ATTRIBUTE&sortDirection=DESC,1030,0,0
1737041761383,30263,Search Zones for List For Map,200,,Http URL/API Test 1-2,text,true,,2950,1099,15,15,http://k8s-default-awsingre-a7e4fb380f-62692094.us-east-1.elb.amazonaws.com/api/ct/zones/map/list?pageSize=8&pageNumber=2&&sortKey=occupied&sortDirection=DESC,30263,0,0
1737041759274,32472,Get the List of Alerts,200,,Http URL/API Test 1-18,text,true,,6622,1332,15,15,http://k8s-default-awsingre-a7e4fb380f-62692094.us-east-1.elb.amazonaws.com/api/ct/alerts?lang=en&pageNumber=5&pageSize=8&sortKey=createdTime&sortDirection=DESC&timeZone=Asia%2FRiyadh,32471,0,0
1737041758074,34027,Search Containers for List For Map,200,,Http URL/API Test 1-17,text,true,,3330,1101,15,15,http://k8s-default-awsingre-a7e4fb380f-62692094.us-east-1.elb.amazonaws.com/api/ct/containers/map/list?pageSize=8&pageNumber=3&sortKey=messageTime&sortDirection=DESC,34027,0,0
1737041791647,570,Get List of Zones,200,,Http URL/API Test 1-2,text,true,,11537,1154,14,14,http://k8s-default-awsingre-a7e4fb380f-62692094.us-east-1.elb.amazonaws.com/api/ct/zones?sortKey=status&sortDirection=ASC,570,0,0
1737041792218,416,Get List of Containers,200,,Http URL/API Test 1-2,text,true,,457,1334,14,14,http://k8s-default-awsingre-a7e4fb380f-62692094.us-east-1.elb.amazonaws.com/api/ct/containers?pageNumber=3&pageSize=8&sortKey=createdTime&sortDirection=DESC,416,0,0
1737041791411,1252,Get List of Cities,200,,Http URL/API Test 1-1,text,true,,7217,1102,13,13,http://k8s-default-awsingre-a7e4fb380f-62692094.us-east-1.elb.amazonaws.com/api/iot2/level/city?lang=en&pageNumber=3&pageSize=8&sortKey=createdTime&sortDirection=DESC&keyType=SERVER_ATTRIBUTE,1252,0,0
1737041791747,1671,Get List of Alert Profiles,200,,Http URL/API Test 1-18,text,true,,458,1192,13,13,http://k8s-default-awsingre-a7e4fb380f-62692094.us-east-1.elb.amazonaws.com/api/ct/alertprofiles?pageNumber=5&pageSize=8&sortKey=createdTime&sortDirection=ASC,1671,0,0
1737041792681,798,Get list of Tasks,200,,Http URL/API Test 1-1,text,true,,3010,1147,13,13,http://k8s-default-awsingre-a7e4fb380f-62692094.us-east-1.elb.amazonaws.com/api/ct/tasks?pageNumber=2&pageSize=8,798,0,0
1737041759286,34339,Search Containers for List For Map,200,,Http URL/API Test 1-9,text,true,,3333,1101,13,13,http://k8s-default-awsingre-a7e4fb380f-62692094.us-east-1.elb.amazonaws.com/api/ct/containers/map/list?pageSize=8&pageNumber=1&sortKey=messageTime&sortDirection=DESC,34339,0,0
1737041765261,29268,Search Zones for List For Map,200,,Http URL/API Test 1-13,text,true,,2929,1099,12,12,http://k8s-default-awsingre-a7e4fb380f-62692094.us-east-1.elb.amazonaws.com/api/ct/zones/map/list?pageSize=8&pageNumber=3&&sortKey=occupied&sortDirection=DESC,29268,0,0
1737041793479,2176,Get the List of Alerts,200,,Http URL/API Test 1-1,text,true,,457,1332,12,12,http://k8s-default-awsingre-a7e4fb380f-62692094.us-east-1.elb.amazonaws.com/api/ct/alerts?lang=en&pageNumber=5&pageSize=8&sortKey=createdTime&sortDirection=DESC&timeZone=Asia%2FRiyadh,2176,0,0
1737041761969,33744,Search Containers for List For Map,200,,Http URL/API Test 1-20,text,true,,3299,1101,12,12,http://k8s-default-awsingre-a7e4fb380f-62692094.us-east-1.elb.amazonaws.com/api/ct/containers/map/list?pageSize=8&pageNumber=2&sortKey=messageTime&sortDirection=DESC,33744,0,165
1737041766941,29020,Search Zones for List For Map,200,,Http URL/API Test 1-12,text,true,,5329,1100,12,12,http://k8s-default-awsingre-a7e4fb380f-62692094.us-east-1.elb.amazonaws.com/api/ct/zones/map/list?pageSize=16&pageNumber=2&&sortKey=occupied&sortDirection=DESC,29020,0,0
1737041795962,1007,Search Users,200,,Http URL/API Test 1-12,text,true,,24173,1090,12,12,http://k8s-default-awsingre-a7e4fb380f-62692094.us-east-1.elb.amazonaws.com/api/iot2/users?pageNumber=5&pageSize=16&sortKey=createdTime&keyType=SERVER_ATTRIBUTE&sortDirection=DESC,923,0,0
1737041795655,1741,Get List of Containers,200,,Http URL/API Test 1-1,text,true,,3569,1334,12,12,http://k8s-default-awsingre-a7e4fb380f-62692094.us-east-1.elb.amazonaws.com/api/ct/containers?pageNumber=3&pageSize=8&sortKey=createdTime&sortDirection=DESC,1741,0,0
1737041777504,20079,Get List of Devices,200,,Http URL/API Test 1-5,text,true,,9413,1238,12,12,http://k8s-default-awsingre-a7e4fb380f-62692094.us-east-1.elb.amazonaws.com/api/ct/devices?pageNumber=3&pageSize=16&sortKey=createdTime&sortDirection=DESC,20079,0,0
1737041770267,27364,Search Zones for List For Map,200,,Http URL/API Test 1-16,text,true,,5329,1100,12,12,http://k8s-default-awsingre-a7e4fb380f-62692094.us-east-1.elb.amazonaws.com/api/ct/zones/map/list?pageSize=16&pageNumber=2&&sortKey=occupied&sortDirection=DESC,27364,0,0
1737041797397,285,Get List of Zones,200,,Http URL/API Test 1-1,text,true,,398,1154,12,12,http://k8s-default-awsingre-a7e4fb380f-62692094.us-east-1.elb.amazonaws.com/api/ct/zones?sortKey=status&sortDirection=ASC,285,0,0
1737041796970,857,Get list of Tasks,200,,Http URL/API Test 1-12,text,true,,6254,1148,11,11,http://k8s-default-awsingre-a7e4fb380f-62692094.us-east-1.elb.amazonaws.com/api/ct/tasks?pageNumber=4&pageSize=16,857,0,0
1737041797828,387,Get List of Containers,200,,Http URL/API Test 1-12,text,true,,457,1335,11,11,http://k8s-default-awsingre-a7e4fb380f-62692094.us-east-1.elb.amazonaws.com/api/ct/containers?pageNumber=4&pageSize=16&sortKey=createdTime&sortDirection=DESC,387,0,0
1737041797633,1082,Get List of Alert Profiles,200,,Http URL/API Test 1-16,text,true,,457,1193,10,10,http://k8s-default-awsingre-a7e4fb380f-62692094.us-east-1.elb.amazonaws.com/api/ct/alertprofiles?pageNumber=2&pageSize=16&sortKey=createdTime&sortDirection=ASC,1082,0,0
1737041797585,1191,Get List of Alert Profiles,200,,Http URL/API Test 1-5,text,true,,12831,1155,10,10,http://k8s-default-awsingre-a7e4fb380f-62692094.us-east-1.elb.amazonaws.com/api/ct/alertprofiles?pageNumber=1&pageSize=16&sortKey=createdTime&sortDirection=ASC,1191,0,0
1737041798722,303,Get List of Zones,200,,Http URL/API Test 1-16,text,true,,398,1154,10,10,http://k8s-default-awsingre-a7e4fb380f-62692094.us-east-1.elb.amazonaws.com/api/ct/zones?sortKey=status&sortDirection=ASC,303,0,0
1737041776481,24396,Search Zones for List For Map,200,,Http URL/API Test 1-6,text,true,,5381,1100,9,9,http://k8s-default-awsingre-a7e4fb380f-62692094.us-east-1.elb.amazonaws.com/api/ct/zones/map/list?pageSize=16&pageNumber=4&&sortKey=occupied&sortDirection=DESC,24395,0,0
1737041787395,13931,Get List of Containers,200,,Http URL/API Test 1-10,text,true,,6676,1297,9,9,http://k8s-default-awsingre-a7e4fb380f-62692094.us-east-1.elb.amazonaws.com/api/ct/containers?pageNumber=2&pageSize=16&sortKey=createdTime&sortDirection=DESC,13929,0,0
1737041764529,36967,Get the List of Alerts For Map,200,,Http URL/API Test 1-3,text,true,,457,1363,9,9,http://k8s-default-awsingre-a7e4fb380f-62692094.us-east-1.elb.amazonaws.com/api/ct/alerts?lang=en&pageNumber=3&pageSize=8&sortKey=createdTime&sortDirection=DESC,36967,0,160
1737041777540,24259,Search Containers for List For Map,200,,Http URL/API Test 1-15,text,true,,6084,1102,9,9,http://k8s-default-awsingre-a7e4fb380f-62692094.us-east-1.elb.amazonaws.com/api/ct/containers/map/list?pageSize=16&pageNumber=2&sortKey=messageTime&sortDirection=DESC,24259,0,0
1737041800878,1012,Get List of Containers,200,,Http URL/API Test 1-6,text,true,,458,1335,9,9,http://k8s-default-awsingre-a7e4fb380f-62692094.us-east-1.elb.amazonaws.com/api/ct/containers?pageNumber=5&pageSize=16&sortKey=createdTime&sortDirection=DESC,1012,0,0
1737041801326,700,Get List of Regions,200,,Http URL/API Test 1-10,text,true,,6787,1105,8,8,http://k8s-default-awsingre-a7e4fb380f-62692094.us-east-1.elb.amazonaws.com/api/iot2/level/region?lang=en&pageNumber=2&pageSize=16&sortKey=createdTime&sortDirection=DESC&keyType=SERVER_ATTRIBUTE,700,0,0
1737041801498,1128,Get List of Alert Profiles,200,,Http URL/API Test 1-3,text,true,,458,1192,8,8,http://k8s-default-awsingre-a7e4fb380f-62692094.us-east-1.elb.amazonaws.com/api/ct/alertprofiles?pageNumber=5&pageSize=8&sortKey=createdTime&sortDirection=ASC,1128,0,0
1737041802026,732,Get list of Tasks,200,,Http URL/API Test 1-10,text,true,,6652,1148,8,8,http://k8s-default-awsingre-a7e4fb380f-62692094.us-east-1.elb.amazonaws.com/api/ct/tasks?pageNumber=2&pageSize=16,732,0,0
1737041780441,22330,Search Containers for List For Map,200,,Http URL/API Test 1-8,text,true,,3335,1101,8,8,http://k8s-default-awsingre-a7e4fb380f-62692094.us-east-1.elb.amazonaws.com/api/ct/containers/map/list?pageSize=8&pageNumber=2&sortKey=messageTime&sortDirection=DESC,22330,0,0
1737041802773,605,Search Users,200,,Http URL/API Test 1-8,text,true,,12260,1089,8,8,http://k8s-default-awsingre-a7e4fb380f-62692094.us-east-1.elb.amazonaws.com/api/iot2/users?pageNumber=2&pageSize=8&sortKey=createdTime&keyType=SERVER_ATTRIBUTE&sortDirection=DESC,604,0,0
1737041802626,1119,Get List of Cities,200,,Http URL/API Test 1-3,text,true,,7091,1102,8,8,http://k8s-default-awsingre-a7e4fb380f-62692094.us-east-1.elb.amazonaws.com/api/iot2/level/city?lang=en&pageNumber=4&pageSize=8&sortKey=createdTime&sortDirection=DESC&keyType=SERVER_ATTRIBUTE,1119,0,0
1737041793419,10531,Get List of Containers,200,,Http URL/API Test 1-18,text,true,,3523,1334,8,8,http://k8s-default-awsingre-a7e4fb380f-62692094.us-east-1.elb.amazonaws.com/api/ct/containers?pageNumber=5&pageSize=8&sortKey=createdTime&sortDirection=DESC,10531,0,0
1737041803751,1167,Get List of Department,200,,Http URL/API Test 1-3,text,true,,10764,1108,8,8,http://k8s-default-awsingre-a7e4fb380f-62692094.us-east-1.elb.amazonaws.com/api/iot2/level/department?lang=en&pageNumber=2&pageSize=8&sortKey=createdTime&sortDirection=DESC&keyType=SERVER_ATTRIBUTE,1167,0,0
1737041803950,1073,Get List of Cities,200,,Http URL/API Test 1-18,text,true,,7146,1102,8,8,http://k8s-default-awsingre-a7e4fb380f-62692094.us-east-1.elb.amazonaws.com/api/iot2/level/city?lang=en&pageNumber=2&pageSize=8&sortKey=createdTime&sortDirection=DESC&keyType=SERVER_ATTRIBUTE,1073,0,0
1737041804918,430,Get List of Regions,200,,Http URL/API Test 1-3,text,true,,3546,1104,8,8,http://k8s-default-awsingre-a7e4fb380f-62692094.us-east-1.elb.amazonaws.com/api/iot2/level/region?lang=en&pageNumber=2&pageSize=8&sortKey=createdTime&sortDirection=DESC&keyType=SERVER_ATTRIBUTE,430,0,0
1737041805023,1128,Get List of Department,200,,Http URL/API Test 1-18,text,true,,10764,1108,8,8,http://k8s-default-awsingre-a7e4fb380f-62692094.us-east-1.elb.amazonaws.com/api/iot2/level/department?lang=en&pageNumber=2&pageSize=8&sortKey=createdTime&sortDirection=DESC&keyType=SERVER_ATTRIBUTE,1128,0,0
1737041806152,496,Get list of Tasks,200,,Http URL/API Test 1-18,text,true,,3010,1147,8,8,http://k8s-default-awsingre-a7e4fb380f-62692094.us-east-1.elb.amazonaws.com/api/ct/tasks?pageNumber=2&pageSize=8,496,0,0
1737041806648,745,Search Users,200,,Http URL/API Test 1-18,text,true,,10127,1089,8,8,http://k8s-default-awsingre-a7e4fb380f-62692094.us-east-1.elb.amazonaws.com/api/iot2/users?pageNumber=5&pageSize=8&sortKey=createdTime&keyType=SERVER_ATTRIBUTE&sortDirection=DESC,744,0,0
1737041794531,13875,Get the List of Alerts,200,,Http URL/API Test 1-13,text,true,,6746,1332,8,8,http://k8s-default-awsingre-a7e4fb380f-62692094.us-east-1.elb.amazonaws.com/api/ct/alerts?lang=en&pageNumber=2&pageSize=8&sortKey=createdTime&sortDirection=DESC&timeZone=Asia%2FRiyadh,13875,0,0
1737041795714,13587,Get the List of Alerts,200,,Http URL/API Test 1-20,text,true,,6933,1294,8,8,http://k8s-default-awsingre-a7e4fb380f-62692094.us-east-1.elb.amazonaws.com/api/ct/alerts?lang=en&pageNumber=4&pageSize=8&sortKey=createdTime&sortDirection=DESC&timeZone=Asia%2FRiyadh,13586,0,0
1737041809301,1099,Get List of Alert Profiles,200,,Http URL/API Test 1-20,text,true,,5365,1154,8,8,http://k8s-default-awsingre-a7e4fb380f-62692094.us-east-1.elb.amazonaws.com/api/ct/alertprofiles?pageNumber=3&pageSize=8&sortKey=createdTime&sortDirection=ASC,1099,0,0
1737041798777,14592,Search Zones for List For Map,200,,Http URL/API Test 1-5,text,true,,5381,1100,8,8,http://k8s-default-awsingre-a7e4fb380f-62692094.us-east-1.elb.amazonaws.com/api/ct/zones/map/list?pageSize=16&pageNumber=4&&sortKey=occupied&sortDirection=DESC,14592,0,0
1737041802759,10952,Search Devices for List For Map,200,,Http URL/API Test 1-10,text,true,,5328,1100,8,8,http://k8s-default-awsingre-a7e4fb380f-62692094.us-east-1.elb.amazonaws.com/api/ct/devices/map/list?pageSize=16&pageNumber=2&sortKey=status&sortDirection=DESC,10952,0,0
1737041807394,8602,Get List of Devices,200,,Http URL/API Test 1-18,text,true,,4793,1275,8,8,http://k8s-default-awsingre-a7e4fb380f-62692094.us-east-1.elb.amazonaws.com/api/ct/devices?pageNumber=2&pageSize=8&sortKey=createdTime&sortDirection=DESC,8602,0,0
1737041801800,14540,Search Zones for List For Map,200,,Http URL/API Test 1-15,text,true,,5337,1100,8,8,http://k8s-default-awsingre-a7e4fb380f-62692094.us-east-1.elb.amazonaws.com/api/ct/zones/map/list?pageSize=16&pageNumber=5&&sortKey=occupied&sortDirection=DESC,14540,0,0
1737041815998,343,Get the List of Default config for the Departments,200,,Http URL/API Test 1-18,text,true,,954,1106,8,8,http://k8s-default-awsingre-a7e4fb380f-62692094.us-east-1.elb.amazonaws.com/api/ct/department/config/list?sortKey=enName,343,0,0
1737041803378,14647,Search Zones for List For Map,200,,Http URL/API Test 1-8,text,true,,2950,1099,8,8,http://k8s-default-awsingre-a7e4fb380f-62692094.us-east-1.elb.amazonaws.com/api/ct/zones/map/list?pageSize=8&pageNumber=2&&sortKey=occupied&sortDirection=DESC,14647,0,0
1737041805349,13150,Get the List of Alerts,200,,Http URL/API Test 1-3,text,true,,6784,1332,8,8,http://k8s-default-awsingre-a7e4fb380f-62692094.us-east-1.elb.amazonaws.com/api/ct/alerts?lang=en&pageNumber=1&pageSize=8&sortKey=createdTime&sortDirection=DESC&timeZone=Asia%2FRiyadh,13150,0,0
1737041818501,492,Get List of Zones,200,,Http URL/API Test 1-3,text,true,,54079,1154,8,8,http://k8s-default-awsingre-a7e4fb380f-62692094.us-east-1.elb.amazonaws.com/api/ct/zones?sortKey=status&sortDirection=ASC,391,0,0
1737041818027,1345,Get List of Department,200,,Http URL/API Test 1-8,text,true,,10764,1108,8,8,http://k8s-default-awsingre-a7e4fb380f-62692094.us-east-1.elb.amazonaws.com/api/iot2/level/department?lang=en&pageNumber=2&pageSize=8&sortKey=createdTime&sortDirection=DESC&keyType=SERVER_ATTRIBUTE,1344,0,188
1737041819372,493,Get list of Tasks,200,,Http URL/API Test 1-8,text,true,,3010,1147,8,8,http://k8s-default-awsingre-a7e4fb380f-62692094.us-east-1.elb.amazonaws.com/api/ct/tasks?pageNumber=2&pageSize=8,493,0,0
1737041819866,578,Search Rule,200,,Http URL/API Test 1-8,text,true,,18424,1093,8,8,http://k8s-default-awsingre-a7e4fb380f-62692094.us-east-1.elb.amazonaws.com/api/iot2/userrules?sortKey=createdTime&keyType=SERVER_ATTRIBUTE&sortDirection=DESC&pageNumber=1&pageSize=8,577,0,0
1737041813711,8056,Get List of Devices,200,,Http URL/API Test 1-10,text,true,,9398,1238,8,8,http://k8s-default-awsingre-a7e4fb380f-62692094.us-east-1.elb.amazonaws.com/api/ct/devices?pageNumber=1&pageSize=16&sortKey=createdTime&sortDirection=DESC,8056,0,170
1737041810401,13621,Get the List of Alerts For Map,200,,Http URL/API Test 1-20,text,true,,457,1325,8,8,http://k8s-default-awsingre-a7e4fb380f-62692094.us-east-1.elb.amazonaws.com/api/ct/alerts?lang=en&pageNumber=3&pageSize=8&sortKey=createdTime&sortDirection=DESC,13621,0,0
1737041808407,15765,Get the List of Alerts For Map,200,,Http URL/API Test 1-13,text,true,,457,1363,8,8,http://k8s-default-awsingre-a7e4fb380f-62692094.us-east-1.elb.amazonaws.com/api/ct/alerts?lang=en&pageNumber=2&pageSize=8&sortKey=createdTime&sortDirection=DESC,15765,0,0
1737041816342,10342,Search Devices for List For Map,200,,Http URL/API Test 1-15,text,true,,5328,1100,8,8,http://k8s-default-awsingre-a7e4fb380f-62692094.us-east-1.elb.amazonaws.com/api/ct/devices/map/list?pageSize=16&pageNumber=4&sortKey=status&sortDirection=DESC,10342,0,179
1737041826685,690,Get List of Regions,200,,Http URL/API Test 1-15,text,true,,6626,1105,8,8,http://k8s-default-awsingre-a7e4fb380f-62692094.us-east-1.elb.amazonaws.com/api/iot2/level/region?lang=en&pageNumber=3&pageSize=16&sortKey=createdTime&sortDirection=DESC&keyType=SERVER_ATTRIBUTE,690,0,0
1737041813370,14157,Get the List of Alerts For Map,200,,Http URL/API Test 1-5,text,true,,457,1326,8,8,http://k8s-default-awsingre-a7e4fb380f-62692094.us-east-1.elb.amazonaws.com/api/ct/alerts?lang=en&pageNumber=4&pageSize=16&sortKey=createdTime&sortDirection=DESC,14157,0,291
1737041827376,455,Get list of Tasks,200,,Http URL/API Test 1-15,text,true,,5696,1148,8,8,http://k8s-default-awsingre-a7e4fb380f-62692094.us-east-1.elb.amazonaws.com/api/ct/tasks?pageNumber=3&pageSize=16,455,0,0
1737041820445,7451,Get List of Containers,200,,Http URL/API Test 1-8,text,true,,3439,1334,8,8,http://k8s-default-awsingre-a7e4fb380f-62692094.us-east-1.elb.amazonaws.com/api/ct/containers?pageNumber=1&pageSize=8&sortKey=createdTime&sortDirection=DESC,7451,0,0
1737041816342,11878,Search Containers for List For Map,200,,Http URL/API Test 1-18,text,true,,509,1101,8,8,http://k8s-default-awsingre-a7e4fb380f-62692094.us-east-1.elb.amazonaws.com/api/ct/containers/map/list?pageSize=8&pageNumber=5&sortKey=messageTime&sortDirection=DESC,11878,0,0
1737041827831,471,Get List of Cities,200,,Http URL/API Test 1-15,text,true,,458,1103,8,8,http://k8s-default-awsingre-a7e4fb380f-62692094.us-east-1.elb.amazonaws.com/api/iot2/level/city?lang=en&pageNumber=5&pageSize=16&sortKey=createdTime&sortDirection=DESC&keyType=SERVER_ATTRIBUTE,471,0,0
1737041818994,11746,Search Containers for List For Map,200,,Http URL/API Test 1-3,text,true,,509,1101,8,8,http://k8s-default-awsingre-a7e4fb380f-62692094.us-east-1.elb.amazonaws.com/api/ct/containers/map/list?pageSize=8&pageNumber=4&sortKey=messageTime&sortDirection=DESC,11746,0,0
1737041821769,14446,Get the List of Alerts For Map,200,,Http URL/API Test 1-10,text,true,,457,1326,8,8,http://k8s-default-awsingre-a7e4fb380f-62692094.us-east-1.elb.amazonaws.com/api/ct/alerts?lang=en&pageNumber=4&pageSize=16&sortKey=createdTime&sortDirection=DESC,14446,0,0
1737041824174,12341,Search Devices for List For Map,200,,Http URL/API Test 1-13,text,true,,2914,1099,7,7,http://k8s-default-awsingre-a7e4fb380f-62692094.us-east-1.elb.amazonaws.com/api/ct/devices/map/list?pageSize=8&pageNumber=1&sortKey=status&sortDirection=DESC,12341,0,165
1737041824024,13961,Search Zones for List For Map,200,,Http URL/API Test 1-20,text,true,,2861,1099,6,6,http://k8s-default-awsingre-a7e4fb380f-62692094.us-east-1.elb.amazonaws.com/api/ct/zones/map/list?pageSize=8&pageNumber=5&&sortKey=occupied&sortDirection=DESC,13961,0,169
1737041827897,10443,Search Devices for List For Map,200,,Http URL/API Test 1-8,text,true,,2915,1099,6,6,http://k8s-default-awsingre-a7e4fb380f-62692094.us-east-1.elb.amazonaws.com/api/ct/devices/map/list?pageSize=8&pageNumber=4&sortKey=status&sortDirection=DESC,10443,0,0
1737041830741,7599,Get List of Containers,200,,Http URL/API Test 1-3,text,true,,3523,1334,6,6,http://k8s-default-awsingre-a7e4fb380f-62692094.us-east-1.elb.amazonaws.com/api/ct/containers?pageNumber=4&pageSize=8&sortKey=createdTime&sortDirection=DESC,7599,0,192
1737041837986,409,Get list of Tasks,200,,Http URL/API Test 1-20,text,true,,3010,1147,5,5,http://k8s-default-awsingre-a7e4fb380f-62692094.us-east-1.elb.amazonaws.com/api/ct/tasks?pageNumber=2&pageSize=8,409,0,0
1737041838395,321,Search Rule,200,,Http URL/API Test 1-20,text,true,,8382,1093,5,5,http://k8s-default-awsingre-a7e4fb380f-62692094.us-east-1.elb.amazonaws.com/api/iot2/userrules?sortKey=createdTime&keyType=SERVER_ATTRIBUTE&sortDirection=DESC&pageNumber=2&pageSize=8,321,0,0
1737041828221,10601,Search Devices for List For Map,200,,Http URL/API Test 1-18,text,true,,2915,1099,5,5,http://k8s-default-awsingre-a7e4fb380f-62692094.us-east-1.elb.amazonaws.com/api/ct/devices/map/list?pageSize=8&pageNumber=5&sortKey=status&sortDirection=DESC,10601,0,162
1737041838341,577,Get List of Alert Profiles,200,,Http URL/API Test 1-8,text,true,,458,1192,4,4,http://k8s-default-awsingre-a7e4fb380f-62692094.us-east-1.elb.amazonaws.com/api/ct/alertprofiles?pageNumber=3&pageSize=8&sortKey=createdTime&sortDirection=ASC,577,0,0
1737041838717,281,Get List of Regions,200,,Http URL/API Test 1-20,text,true,,3562,1104,4,4,http://k8s-default-awsingre-a7e4fb380f-62692094.us-east-1.elb.amazonaws.com/api/iot2/level/region?lang=en&pageNumber=1&pageSize=8&sortKey=createdTime&sortDirection=DESC&keyType=SERVER_ATTRIBUTE,281,0,0
1737041828303,10744,Get the List of Alerts,200,,Http URL/API Test 1-15,text,true,,13838,1295,4,4,http://k8s-default-awsingre-a7e4fb380f-62692094.us-east-1.elb.amazonaws.com/api/ct/alerts?lang=en&pageNumber=5&pageSize=16&sortKey=createdTime&sortDirection=DESC&timeZone=Asia%2FRiyadh,10744,0,0
1737041827529,11527,Get the List of Alerts,200,,Http URL/API Test 1-5,text,true,,13710,1295,4,4,http://k8s-default-awsingre-a7e4fb380f-62692094.us-east-1.elb.amazonaws.com/api/ct/alerts?lang=en&pageNumber=3&pageSize=16&sortKey=createdTime&sortDirection=DESC&timeZone=Asia%2FRiyadh,11426,0,0
1737041838926,225,Get List of Regions,200,,Http URL/API Test 1-8,text,true,,3546,1104,4,4,http://k8s-default-awsingre-a7e4fb380f-62692094.us-east-1.elb.amazonaws.com/api/iot2/level/region?lang=en&pageNumber=2&pageSize=8&sortKey=createdTime&sortDirection=DESC&keyType=SERVER_ATTRIBUTE,225,0,0
1737041839056,205,Get List of Regions,200,,Http URL/API Test 1-5,text,true,,458,1105,4,4,http://k8s-default-awsingre-a7e4fb380f-62692094.us-east-1.elb.amazonaws.com/api/iot2/level/region?lang=en&pageNumber=5&pageSize=16&sortKey=createdTime&sortDirection=DESC&keyType=SERVER_ATTRIBUTE,205,0,0
1737041838999,291,Search Users,200,,Http URL/API Test 1-20,text,true,,12260,1089,3,3,http://k8s-default-awsingre-a7e4fb380f-62692094.us-east-1.elb.amazonaws.com/api/iot2/users?pageNumber=2&pageSize=8&sortKey=createdTime&keyType=SERVER_ATTRIBUTE&sortDirection=DESC,290,0,0
1737041839152,190,Get the List of Default config for the Departments,200,,Http URL/API Test 1-8,text,true,,954,1106,2,2,http://k8s-default-awsingre-a7e4fb380f-62692094.us-east-1.elb.amazonaws.com/api/ct/department/config/list?sortKey=enName,190,0,0
1737041839048,509,Get List of Zones,200,,Http URL/API Test 1-15,text,true,,197437,1116,2,2,http://k8s-default-awsingre-a7e4fb380f-62692094.us-east-1.elb.amazonaws.com/api/ct/zones?sortKey=status&sortDirection=ASC,293,0,0
1737041839343,360,Get List of Cities,200,,Http URL/API Test 1-8,text,true,,7091,1102,1,1,http://k8s-default-awsingre-a7e4fb380f-62692094.us-east-1.elb.amazonaws.com/api/iot2/level/city?lang=en&pageNumber=4&pageSize=8&sortKey=createdTime&sortDirection=DESC&keyType=SERVER_ATTRIBUTE,359,0,0
